"ID","Precede","Requirement","Build Time","Cost","Garrison Strategy","Leader Reinforcement","Troop Reinforcement","Air Reinforcement","Leader Recruit","Unit Recruit","Technology","Event","Supply Generate","Gold Generate","Happiness","Culture","Condition","Undismantable","Note"
"barren_barrack_a1_wood_carver",,"barren_settlement_2_small_tower",2,,,,,,,"barren_orc_axe,barren_orc_javelin",,,,,,"barren",,,
"barren_barrack_a2_totem_carver","barren_barrack_a1_wood_carver",,5,,,,,,"barren_orc_leader_totem","barren_orc_axe,barren_orc_javelin","barren_orc_divine_wild",,,,4,"barren",,,
"barren_barrack_b1_troll_pit","unique_troll_cave",,3,,,,,,,"barren_troll_boulder,barren_troll_ram",,,,,7,"barren",,,
"barren_barrack_b2_troll_hotel","barren_troll_pit",,8,,,,,,,"barren_troll_boulder,barren_troll_ram,barren_troll_old","barren_troll_health",,,,5,"barren",,,
"barren_barrack_c1_dance_stage",,"barren_settlement_3_tower",4,,,,,,,"barren_orc_wardancer","barren_orc_happiness",,,,8,"barren",,,
"barren_barrack_d1_stone_storage",,"barren_settlement_2_small_tower",3,,,,,,,"barren_orc_shoulder,barren_troll_boulder",,,,,,"barren",,,
"barren_barrack_e1_rite_stone",,"barren_settlement_3_tower",5,,,,,,,"barren_orc_drum","barren_orc_large_drum",,,,5,"barren",,,
"barren_barrack_f1_war_school",,"barren_settlement_4_tall_tower",6,,,,,,"barren_orc_leader_warmaster","barren_orc_greathammer","barren_orc_long_hammer",,,,,"barren",,,
"barren_fun_1_fungus_patch",,"barren_settlement_1_stump",2,,,,,,,,,,,,4,"barren",,,
"barren_fun_2_fungus_farm","barren_fun_1_fungus_patch","barren_settlement_4_tall_tower",6,,,,,,,"barren_orc_berserker","barren_orc_speed",,,,8,"barren",,,
"barren_guard_1_post",,"barren_settlement_4_tall_tower",2,,"barren_orc_lookout",,,,,,"barren_troll_cost,barren_orc_cost",,,,,"barren",,,
"barren_money_1_waste_hole",,"barren_settlement_1_stump",1,,,,,,,,,,,,3,"barren",,,
"barren_money_2_waste_ware","barren_money_1_waste_hole","barren_settlement_3_tower",4,,,,,,,,,,,,3,"barren",,,
"barren_settlement_1_stump","free_settlement",,1,100,,,,,,,,,100,,,"barren",,,
"barren_settlement_2_small_tower","barren_settlement_1_stump",,3,500,,,"barren_orc_fist",,,"barren_orc_fist",,,200,,,"barren",,,
"barren_settlement_3_tower","barren_settlement_2_small_tower",,7,800,,,"barren_orc_fist",,,"barren_orc_fist",,,250,,3,"barren",,,
"barren_settlement_4_tall_tower","barren_settlement_3_tower",,20,1000,,"barren_orc_leader_juggernaut","barren_orc_fist",,"barren_orc_leader_juggernaut","barren_orc_fist",,,300,,7,"barren",,,
"barren_settlement_5_huge_tower","barren_settlement_4_tall_tower",,50,4000,,"barren_orc_leader_juggernaut","barren_orc_fist",,"barren_orc_leader_juggernaut","barren_orc_fist",,,400,,10,"barren",,,
"barren_tech_a1_grange",,"barren_settlement_2_small_tower",4,,,,,,,,"barren_global_supply_cost,barren_orc_cost,barren_orc_offence",,,,,"barren",,,
"barren_tech_b1_thinking_shack",,"barren_settlement_5_huge_tower",6,,,,,,,,"barren_global_offence,barren_orc_old_mind,barren_orc_defence",,,,-5,"barren",,,
"castle_arty_1_siege_factory","free_build","castle_settlement_2_keep",8,3700,,,,,,"castle_cat_air_rocket_bomb,castle_dog_catapult",,,,,,"castle",,,
"castle_barrack_a1_barrack","free_build","castle_settlement_2_keep",5,1400,,,,,,"castle_cat_shield_crossbow,castle_dog_flail",,,,,,"castle",,,
"castle_barrack_b1_war_stable","free_build","castle_settlement_3_castle",5,2600,,,,,,"castle_human_knight_cav",,,,,,"castle",,,
"castle_faith_1_temple","free_build","castle_settlement_3_castle",9,4000,,,,,,"castle_human_air_flying_monk",,,-20,,8,"castle",,,
"castle_faith_2_cathedral","castle_faith_1_temple","castle_settlement_4_fortress",15,9500,,,,"castle_human_air_flying_monk",,"castle_human_air_flying_monk","castle_improved_theology,castle_blessed_order",,-50,,20,"castle",,,
"castle_food_a1_farm","free_build","castle_settlement_1_motte",4,500,,,"castle_human_militia_spear",,,"castle_human_militia_spear",,,300,,-1,"castle",,,
"castle_food_a2_farm","castle_food_a1_farm","castle_settlement_1_motte",6,800,,,"castle_human_militia_spear",,,"castle_human_militia_spear,castle_human_militia_bow",,,500,-20,-2,"castle",,,
"castle_food_a3_farm","castle_food_a2_farm","castle_settlement_2_keep",8,1500,,,"castle_human_militia_spear",,,"castle_human_militia_spear,castle_human_militia_bow",,,800,-40,-3,"castle",,,
"castle_food_a4_farm","castle_food_a3_farm","castle_settlement_2_keep",10,2400,,,"castle_human_militia_spear",,,"castle_human_militia_spear,castle_human_militia_bow",,,1000,-50,-4,"castle",,,
"castle_food_b1_granary","free_build","castle_food_a1_farm",5,1000,,,"castle_human_militia_bow",,,,"castle_improved_animal_feeding",,50,100,-2,"castle",,,
"castle_food_c1_ranch","free_build","castle_settlement_2_keep",4,900,,,,,,,,,100,50,-2,"castle",,,
"castle_food_c2_barn","castle_food_c1_ranch","castle_food_a1_farm",2,1500,,,,,,,"castle_improved_fertiliser",,150,300,5,"castle",,,
"castle_fun_a1_tavern","free_build","castle_settlement_3_castle",4,800,,,,,,,,,-70,400,4,"castle",,,
"castle_fun_c1_court","free_build","castle_settlement_4_fortress",5,1400,,,,,,,"castle_law_reform",,-100,-200,10,"castle",,,
"castle_fun_d1_hall","free_build","castle_settlement_3_castle",6,1400,,,,,,,"castle_global_supply_generation",,-150,-80,10,"castle",,,
"castle_money_a1_market","free_build","castle_settlement_2_keep",5,1500,,,,,,,,,-30,700,-2,"castle",,,
"castle_money_a2_great_market","castle_money_a1_market",,8,4000,,,,,,,,,-80,1500,-4,"castle",,,
"castle_money_b1_windmill","free_build","castle_settlement_3_castle",6,2000,,,,,,,,,0,300,0,"castle",,,
"castle_money_c1_slum","free_build","castle_settlement_2_keep",2,0,,,,,,,,,-50,150,-6,"castle",,,
"castle_money_c2_brothel","castle_money_c1_slum","castle_settlement_4_fortress",4,300,,,,,,,,,-120,3500,-13,"castle",,,
"castle_settlement_1_motte","free_settlement",,6,1000,,,,,"castle_human_leader_banner",,,,-10,20,1,"castle",,,
"castle_settlement_2_keep","castle_settlement_1_motte",,14,2500,,"castle_human_leader_banner",,,"castle_human_leader_banner",,,,-30,40,3,"castle",,,
"castle_settlement_3_castle","castle_settlement_2_keep","castle_barrack_a1_barrack",28,4200,"garrison_summon_human_castle","castle_human_leader_banner","castle_dog_flail",,"castle_human_leader_banner,castle_human_leader_jester","castle_human_knight",,,-80,80,5,"castle",,,
"castle_settlement_4_fortress","castle_settlement_3_castle","castle_faith_1_temple",37,6900,"garrison_summon_human_castle","castle_human_leader_lord","castle_human_knight",,"castle_human_leader_banner,castle_human_leader_jestercastle_human_leader_lord","castle_human_knight",,,-200,150,5,"castle",,,
"castle_settlement_5_flower_castle","castle_settlement_4_fortress","castle_fun_c1_court",45,10000,"garrison_summon_human_flower_castle","castle_human_leader_lord","castle_human_knight,castle_dog_flail",,"castle_human_leader_banner,castle_human_leader_jestercastle_human_leader_lord","castle_human_knight,castle_human_flower_knight",,,-500,250,10,"castle",,,
"castle_tech_a1_barber","free_build","castle_settlement_3_castle",5,1000,,,,,,,"castle_improved_medical,castle_hair_care",,-20,0,-5,"castle",,,
"castle_tech_b1_forestry","free_build","castle_settlement_2_keep",4,800,,"castle_human_leader_ranger",,,"castle_human_leader_ranger",,"castle_reserved_wood_supply,castle_better_wood",,-20,0,-5,"castle",,,
"castle_tech_c1_library","free_build","castle_settlement_4_fortress",6,1200,,"castle_human_leader_mage",,,"castle_human_leader_mage",,"castle_improved_engineering,castle_magic_research",,-20,0,-5,"castle",,,
"castle_tech_d1_masonry","free_build","castle_settlement_2_keep",5,1900,,,,,,,"castle_improved_castle,castle_global_cheaper_material",,-20,0,-5,"castle",,,
"common_conservatory","free_port",,4,,,,,,,,,,,,7,"all",,,
"common_dam","free_big_river",,7,,,,,,,,,,,,,"all",,,
"common_fishery","free_port",,3,,,,,,,,,,,,,"all",,,
"common_gem_mine","free_gem",,6,,,,,,,,,,,,,"all",,,
"common_gem_preservary","free_gem",,4,,,,,,,,,,,,,"all",,,
"common_gold_mine","free_gold",,6,,,,,,,,,,-5,2000,-3,"all",,,
"common_gold_preservary","free_gold",,4,,,,,,,,,,,,,"all",,,
"common_great_dam","common_dam",,12,,,,,,,,,,,,,"all",,,
"common_harbour","free_port",,5,,,,,,,,,,,,,"all",,,
"common_iron_mine","free_iron",,5,,,,,,,,,,-5,1500,-3,"all",,,
"common_iron_preservary","free_iron",,3,,,,,,,,,,,,,"all",,,
"common_watermill","free_big_river",,3,,,,,,,,,,,,,"all",,,
"common_mercenary_outpost","free_crossroad",,7,800,,,,,,,,,,,,"all",,,
"common_trade_post","free_crossroad",,5,300,,,,,,,,,,300,5,"all",,,
"death_barrack_a1_graveyard",,"death_settlement_1_ruin",,,,,,,,"death_undead_zombie",,,,,,"death",,,
"death_barrack_a2_tomb","death_barrack_a1_graveyard","death_settlement_2_dark_hamlet",,,,,,,,"death_undead_zombie,death_undead_skeleton_bone",,,,,,"death",,,
"death_barrack_a3_crypt","death_barrack_a2_tomb","death_settlement_3_still_city",,,,,,,,"death_undead_zombie,death_undead_skeleton_bone,death_undead_ghoul",,,,,,"death",,,
"death_barrack_a4_citadel","death_barrack_a3_crypt","death_settlement_4_waking_city",,,,,,,,"death_undead_zombie,death_undead_skeleton_bone,death_undead_ghoul,death_undead_bone_golem",,,,,-15,"death",,,
"death_barrack_a5_ziggurat","death_barrack_a4_citadel","death_settlement_5_necropolis",,,,,,,,"death_cat_necromancer",,,,,-20,"death",,,
"death_barrack_b1_haunted_mansion",,"death_settlement_3_still_city",,,,,,,,"death_undead_banshee",,,,,,"death",,,
"death_barrack_c1_barrow_mound",,"death_settlement_2_dark_hamlet",,,,,,,,"death_undead_hound",,,,,,"death",,,
"death_barrack_d1_abandoned_hospital",,"death_settlement_3_still_city",,,,,,"death_bat_air","death_undead_leader_lich","death_bat_air",,,,,,"death",,,
"death_barrack_e1_ancient_tower",,"death_settlement_5_necropolis",,,,,,,,"death_undead_grave_knight",,,,,,"death",,,
"death_barrack_f1_mausoleum",,"death_settlement_4_waking_city",,,,,,"death_gargoyle_air","death_undead_leader_reaper","death_gargoyle_air",,,,,,"death",,,
"death_food_a1_scavenger",,"death_settlement_1_ruin",,,,,,,,,,,,,,"death",,,
"death_food_a2_exotic_farm",,"death_settlement_3_still_city",,,,,,,"death_undead_leader_vampire_lord",,,,,,,"death",,,
"death_guard_1_plague_pit",,"death_settlement_2_dark_hamlet",,,"death_undead_tower",,,,,"death_undead_tower",,,,,,"death",,,
"death_money_a1_old_treasury",,"death_settlement_2_dark_hamlet",,,,,,,,,,,,,,"death",,,
"death_money_b1_reliquary","death_money_a1_old_treasury","death_settlement_3_still_city",,,,,,,"death_undead_leader_vampire_lady",,,,,,,"death",,,
"death_money_c1_fossil_fuel",,"death_settlement_3_still_city",,,,,,,,,,,,,,"death",,,
"death_money_c2_animated_workshop","death_money_c1_fossil_fuel","death_settlement_4_waking_city",,,,,,,,,,,,,,"death",,,
"death_money_c3_eternal_labour","death_money_c2_animated_workshop","death_settlement_5_necropolis",,,,,,,,,,,,,,"death",,,
"death_settlement_1_ruin","free_settlement",,,,,,"death_undead_zombie",,,,,,,,,"death",,,
"death_settlement_2_dark_hamlet","death_settlement_1_ruin",,,,,,"death_undead_hound",,,,,,,,,"death",,,
"death_settlement_3_still_city","death_settlement_2_dark_hamlet",,,,,,"death_undead_banshee",,"death_undead_leader_reaper",,,,,,,"death",,,
"death_settlement_4_waking_city","death_settlement_3_still_city",,,,,,"death_undead_ghoul",,"death_undead_leader_lich",,,,,,,"death",,,
"death_settlement_5_necropolis","death_settlement_4_waking_city",,,,,,"death_cat_necromancer",,"death_undead_leader_lich",,,,,,,"death",,,
"death_tech_a1_forbidden_library",,"death_settlement_3_still_city",,,,,,,"desert_human_leader_fire_warlock",,"death_global_upkeep,death_undead_resource",,,,,"death",,,
"death_tech_b1_medicine_maker",,"death_settlement_3_still_city",,,,,,,"desert_human_leader_water_warlock",,"death_global_health,death_undead_regen",,,,,"death",,,
"death_tech_c1_fungus_collector",,"death_settlement_2_dark_hamlet",,,,,,,"desert_human_leader_earth_warlock",,"death_undead_offence",,,,,"death",,,
"death_tech_d1_mana_room",,"death_settlement_4_waking_city",,,,,,,"desert_human_leader_air_warlock",,"death_undead_cost,death_undead_supply",,,,,"death",,,
"desert_arty_a1_siege_workshop","unique_troll_cave",,,,,,,,,"desert_troll_ballista",,,,,,"desert",,,
"desert_arty_b1_minotaur_ziggurat","unique_minotaur_dungeon",,,,,,,,,"desert_minotaur_ram",,,,,,"desert",,,
"desert_barrack_a1_training_ground",,"desert_settlement_2_trade_post",,,,,,,,"desert_human_sword",,,,,,"desert",,,
"desert_barrack_b1_stable",,"desert_settlement_2_trade_post",,,,,,,,"desert_human_bow_cav",,,,,,"desert",,,
"desert_barrack_b2_camel_stable","desert_stable","desert_settlement_3_caravansary",,,,,,,,"desert_human_camel_cav",,,,,,"desert",,,
"desert_barrack_c1_assassin_fortress",,"desert_settlement_4_trade_centre",,,,,,,,"desert_lizard_assassin",,,,,,"desert",,,
"desert_barrack_d1_mystic_circlet",,"desert_settlement_4_trade_centre",,,,,,,,,,,,,,"desert",,,
"desert_barrack_d2_wizard_tower","desert_barrack_d1_mystic_circlet","desert_settlement_5_palace",,,,,,,,"desert_human_air_wizard",,,,,,"desert",,,
"desert_barrack_e1_bowyer",,"desert_settlement_1_homestead",,,,,,,,"desert_human_bow",,,,,,"desert",,,
"desert_faith_a1_prayer_hall",,"desert_settlement_2_trade_post",,,,,,,,,,,,,,"desert",,,
"desert_food_a1_farm",,"desert_settlement_2_trade_post",,,,,,,,,,,,,,"desert",,,
"desert_fun_a1_harem",,"desert_settlement_4_trade_centre",,,,,,,,,,,,,,"desert",,,
"desert_fun_b1_bath",,"desert_settlement_3_caravansary",,,,,,,,,,,,,,"desert",,,
"desert_fun_c1_racing_track",,"desert_settlement_3_caravansary",,,,,,,,,,,,,,"desert",,,
"desert_money_a1_bazaar",,"desert_settlement_1_homestead",,,,,,,,,,,,,,"desert",,,
"desert_money_a2_grand_bazaar","desert_money_a1_bazaar","desert_settlement_2_trade_post",,,,,,,,,"desert_global_money_generation",,,,,"desert",,,
"desert_money_b1_black_market",,"desert_settlement_2_trade_post",,,,,,,,,,,,,,"desert",,,
"desert_money_b2_slave_market","desert_money_b1_black_market","desert_settlement_3_caravansary",,,,,,,,,,,,,,"desert",,,
"desert_settlement_1_homestead","free_settlement",,,,,,,,,,,,,,,"desert",,,
"desert_settlement_2_trade_post","desert_settlement_1_homestead",,,,,,,,,,,,,,,"desert",,,
"desert_settlement_3_caravansary","desert_settlement_2_trade_post",,,,,,,,,,,,,,,"desert",,,
"desert_settlement_4_trade_centre","desert_settlement_3_caravansary",,,,,,,,,,,,,,,"desert",,,
"desert_settlement_5_palace","desert_settlement_4_trade_centre",,,,,,,,,,,,,,,"desert",,,
"desert_tech_a1_alchemy_lab",,"desert_settlement_3_caravansary",,,,,,,,,,,,,,"desert",,,
"desert_tech_b1_oasis_bound",,"desert_settlement_3_caravansary",,,,,,,,"desert_lizard_spear",,,,,,"desert",,,
"desert_tech_c1_djinn_lamp_storage",,"desert_settlement_4_trade_centre",,,,,,,,,,,,,,"desert",,,
"desert_tech_c2_lamp_cleaner","desert_tech_c1_djinn_lamp_storage","desert_settlement_5_palace",,,,,,,,,"desert_global_leadership",,,,,"desert",,,
"doll_air_1_balloon_maker","free_build","doll_settlement_3_mansion",2,18000,,,,"doll_air_balloon",,"doll_air_balloon",,,,,,"doll",,,
"doll_arty_1_launch_zone","free_build","doll_settlement_4_mansion_glorious",2,13000,,,,,,"doll_thrower",,,,,,"doll",,,
"doll_barrack_a1_workshop","free_build","doll_settlement_2_house_rich",1,5000,,"doll_leader_repair",,,"doll_leader_repair",,,,,,,"doll",,,
"doll_barrack_a2_manufacture","doll_barrack_a1_workshop","doll_settlement_4_mansion_glorious",3,50000,,"doll_leader_repair",,,"doll_leader_repair","doll_titan",,,,,,"doll",,,
"doll_barrack_b1_castle","free_build","doll_settlement_3_mansion",2,10000,,,"doll_knight_cav",,,"doll_knight_cav",,,,,,"doll",,,
"doll_barrack_c1_crafting_hut","free_build","doll_settlement_1_house_comfy",1,2000,,,"doll_hammer",,,"doll_hammer",,,,,,"doll",,,
"doll_barrack_d1_toy_maker","free_build","doll_settlement_2_house_rich",1,9000,,"doll_leader_puppetmaster",,"doll_air_mechanical_bird","doll_leader_maker",,,,,,,"doll",,,
"doll_barrack_d2_factory","doll_barrack_d1_toy_maker","doll_settlement_5_palace_royally",2,30000,,"doll_leader_puppetmaster",,,"doll_leader_maker,doll_leader_puppetmaster",,,,,,,"doll",,,
"doll_barrack_e1_witch_tree","free_build","doll_settlement_3_mansion",5,15000,,,"doll_witch",,,"doll_witch",,,,,,"doll",,,
"doll_food_1_lumber","free_build","doll_settlement_1_house_comfy",1,1000,,,,,,,,,,,,"doll",,,
"doll_food_2_sawmill","doll_food_1_lumber",,1,3000,,,,,,,,,,,,"doll",,,
"doll_food_3_automated_sawmill","doll_food_2_sawmill",,2,6000,,,,,,,,,,,,"doll",,,
"doll_fun_a1_theatre","free_build","doll_settlement_2_house_rich",2,8000,,"doll_leader_jester",,,"doll_leader_jester",,,,,,10,"doll",,,
"doll_fun_a2_circus","doll_fun_a1_theatre","doll_settlement_3_mansion",3,14000,,"doll_leader_jester","doll_claw",,"doll_leader_jester","doll_claw",,,,,10,"doll",,,
"doll_settlement_1_house_comfy","free_settlement",,1,10000,,,,,,,,,500,3000,,"doll",,,
"doll_settlement_2_house_rich","doll_settlement_1_house_comfy",,2,20000,,,,,,,,,1000,7000,,"doll",,,
"doll_settlement_3_mansion","doll_settlement_2_house_rich",,3,30000,,,"doll_butler_knife",,,"doll_butler_knife",,,3000,12000,,"doll",,,
"doll_settlement_4_mansion_glorious","doll_settlement_3_mansion",,4,40000,,,"doll_maid_knight",,,"doll_butler_knife,doll_maid_knight",,,5000,15000,,"doll",,,
"doll_settlement_5_palace_royally","doll_settlement_4_mansion_glorious",,5,50000,,,"doll_butler_knife,doll_maid_knight",,,"doll_butler_knife,doll_maid_knight",,,8000,20000,,"doll",,,
"doll_tech_a1_geo_study","free_build","doll_settlement_4_mansion_glorious",2,8000,,,,,,,,,,,,"doll",,,
"doll_tech_a2_geo_academy","doll_tech_b1_geo_study","doll_settlement_5_palace_royally",4,14000,,,,,,,,,,,,"doll",,,
"doll_tech_b1_reinforce_smith","free_build","doll_tech_c1_wax_maker,doll_settlement_4_mansion_glorious",2,11000,,,,,,,,,,,,"doll",,,
"doll_tech_c1_wax_maker","free_build","doll_settlement_3_mansion",1,5000,,,,,,"doll_candle_spear",,,,,,"doll",,,
"doll_tech_d1_magic_tower","free_build","doll_settlement_4_mansion_glorious",4,20000,,,,,,,,,,,,"doll",,,
"free_big_river",,,,,,,,,,,,,,,,"all",,"TRUE",
"free_gem",,,,,,,,,,,,,,,,"all",,"TRUE",
"free_gold",,,,,,,,,,,,,,,,"all",,"TRUE",
"free_iron",,,,,,,,,,,,,,,,"all",,"TRUE",
"free_port",,,2,,,,,,,,,,,,,"all",,"TRUE",
"free_crossroad",,,,,,,,,,,,,,,,,,,
"free_settlement",,,4,,,,,,,,,,,,,"all",,"TRUE",
"highland_barrack_a1_training_ground","free_build","highland_settlement_1_clan_hall_small",,,,,"highland_halfling_sword",,,"highland_halfling_sword",,,,,,"hightland",,,
"highland_barrack_b1_smith","free_build","highland_settlement_2_clan_hall,highland_barrack_a1_training_ground",,,,,"highland_centaur_greatsword",,,"highland_centaur_greatsword",,,,,,"hightland",,,
"highland_barrack_b2_forge","highland_barrack_b1_smith","highland_settlement_4_clan_hall_supreme",,,,,,,,"highland_centaur_greatsword,highland_human_greataxe",,,,,,"hightland",,,
"highland_barrack_b3.1_gold_smith","highland_barrack_b2_forge","highland_settlement_5_clan_hall_legendary",,,,,,,,,,,,,,"hightland",,,
"highland_barrack_b3.2_weapon_smith","highland_barrack_b2_forge","highland_settlement_5_clan_hall_legendary",,,,,,,,,,,,,,"hightland",,,
"highland_barrack_c1_stable","free_build","highland_settlement_3_clan_hall_great",,,,,"highland_centaur_bow",,"highland_centaur_leader_banner","highland_centaur_bow",,,,,,"hightland",,,
"highland_faith_1_druid_circle","free_build","highland_settlement_1_clan_hall_small",,,,,,,,"human_highland_buffalo_cav",,,,,,"hightland",,,
"highland_faith_2_shrine","highland_faith_1_druid_circle","highland_settlement_2_clan_hall",,,,,,,"highland_human_leader_chariot","human_highland_buffalo_cav",,,,,,"hightland",,,
"highland_faith_3_temple","highland_faith_2_shrine","highland_settlement_3_clan_hall_great",,,,,,,"highland_human_leader_chariot,highland_sheep_leader_shaman","human_highland_buffalo_cav",,,,,,"hightland",,,
"highland_food_1_pasture","free_build","highland_settlement_1_clan_hall_small",,,,,"highland_sheep_pike",,,"highland_sheep_pike",,,,,,"hightland",,,
"highland_food_a1_farm","free_build","highland_settlement_2_clan_hall",,,,,"highland_halfling_sling",,,"highland_halfling_sling",,,,,,"hightland",,,
"highland_food_b1_vineyard","free_build","highland_settlement_3_clan_hall_great",,,,,"highland_halfling_sling",,,,,,,,,"hightland",,,
"highland_food_c1_feast_hall","free_build","highland_settlement_3_clan_hall_great",,,,,,,,"highland_halfling_pipe",,,,,,"hightland",,,
"highland_fun_a1_fairground","free_build","highland_settlement_2_clan_hall",,,,,"highland_halfling_sword",,,,,,,,,"hightland",,,
"highland_fun_b1_lore_house","free_build","highland_settlement_2_clan_hall",,,,,,,,,,,,,,"hightland",,,
"highland_fun_b2_chanting_hall","highland_fun_b1_lore_house","highland_settlement_3_clan_hall_great",,,,,,,,,,,,,,"hightland",,,
"highland_fun_c1_ball_field","free_build","highland_settlement_3_clan_hall_great",,,,,"highland_human_rock_kick",,,"highland_human_rock_kick",,,,,,"hightland",,,
"highland_fund_d1_music_school","free_build","highland_fun_b2_chanting_hall,highland_settlement_4_clan_hall_supreme",,,,,,,,,,,,,,"hightland",,,
"highland_money_a1_market","free_build","highland_settlement_3_clan_hall_great",,,,,"highland_halfling_sword",,,,,,,,,"hightland",,,
"highland_money_b1_grove","free_build","highland_settlement_3_clan_hall_great",,,,,,,,"highland_human_greatclub",,,,,,"hightland",,,
"highland_settlement_1_clan_hall_small","free_settlement",,3,,,,,,,,,,,,,"hightland",,,
"highland_settlement_2_clan_hall","highland_settlement_1_clan_hall_small",,9,,,,,,,,,,,,,"hightland",,,
"highland_settlement_3_clan_hall_great","highland_settlement_2_clan_hall",,20,,,"highland_centaur_leader_banner",,,,,,,,,,"hightland",,,
"highland_settlement_4_clan_hall_supreme","highland_settlement_3_clan_hall_great",,31,,,"highland_centaur_leader_banner","highland_human_greatclub",,,,,,,,,"hightland",,,
"highland_settlement_5_clan_hall_legendary","highland_settlement_4_clan_hall_supreme",,60,,,"highland_sheep_leader_shaman","highland_human_greatclub",,,,,,,,,"hightland",,,
"highland_tech_a1_tannery","free_build","highland_settlement_3_clan_hall_great",,,,,,,,"highland_centaur_twinblade","highland_global_speed",,,,,"hightland",,,
"highland_tech_b1_stone_carver","free_build","highland_settlement_3_clan_hall_great",,,,,,,,,"highland_global_technology",,,,,"hightland",,,
"highland_tech_c1_wool_carer","free_build","highland_settlement_2_clan_hall",,,,,,,,,,,,,,"hightland",,,
"holy_barrack_a1_chapter_house",,,,,,,,,,,,,,,,"holy",,,
"holy_barrack_a2_novitiate",,,,,,,,,,"holy_human_white_crusader",,,,,,"holy",,,
"holy_barrack_a3_cloister",,,,,,,,,,,,,,,,"holy",,,
"holy_barrack_b1_school",,,,,,,,,,,,,,,,"holy",,,
"holy_barrack_c1_stable",,,,,,,,,,,,,,,,"holy",,,
"holy_faith_a1_chapel",,,,,,,,,,,,,,,,"holy",,,
"holy_faith_a2_church",,,,,,,,,,,,,,,,"holy",,,
"holy_faith_a3_cathedral",,,,,,,,,,,"holy_global_power",,,,,"holy",,,
"holy_food_a1_refectory",,,,,,,,,,,,,,,,"holy",,,
"holy_food_b1_garden",,,,,,,,,,,,,,,,"holy",,,
"holy_food_c1_farm",,,,,,,,,,,,,,,,"holy",,,
"holy_food_c2_mill",,,,,,,,,,,,,,,,"holy",,,
"holy_fun_a1_reredorter",,,,,,,,,,,,,,,,"holy",,,
"holy_fun_b1__dormitory",,,,,,,,,,,,,,,,"holy",,,
"holy_fun_b1_calefectory",,,,,,,,,,,,,,,,"holy",,,
"holy_settlement_1_priory",,,,,,,,,,,,,,,,"holy",,,
"holy_settlement_2_abbey",,,,,,,,,,,,,,,,"holy",,,
"holy_settlement_3_monastery",,,,,,,,,,,,,,,,"holy",,,
"holy_settlement_4_great_monastery",,,,,,,,,,,,,,,,"holy",,,
"holy_settlement_5_church_state",,,,,,,,,,,,,,,,"holy",,,
"holy_tech_a1_library",,,,,,,,,,,"holy_global_resource",,,,,"holy",,,
"marsh_barrack_a1_wrestling_stage","free_build","marsh_settlement_1_shrine",,,,,,,,"marsh_hobgoblin_club",,,,,,"marsh",,,
"marsh_barrack_b1_swamp_pod","free_build","marsh_settlement_2_temple",,,,,,,,"marsh_lizard_warrior,marsh_lizard_javelin",,,,,,"marsh",,,
"marsh_barrack_b2_lizard_pool","marsh_barrack_b1_poison_harvest","marsh_settlement_2_temple",,,,,,,"marsh_lizard_leader_greatspear","marsh_lizard_warrior,marsh_lizard_javelin,marsh_lizard_wasp_pot",,,,,,"marsh",,,
"marsh_barrack_c1_tar_pitch","free_build","marsh_settlement_3_grand_temple",,,,,,,"marsh_goblin_leader_fire_brewer",,,,,,,"marsh",,,
"marsh_faith_a1_moon_altar","free_build","marsh_settlement_2_temple",,,,,,,,,,,,,,"marsh",,,
"marsh_faith_b1_sun_altar","free_build","marsh_settlement_3_grand_temple",,,,,,,,"marsh_goblin_witchdoctor",,,,,,"marsh",,,
"marsh_faith_c1_blood_altar","free_build","marsh_settlement_4_fancy_temple",,,,,,,,"marsh_goblin_wolf_cav",,,,,,"marsh",,,
"marsh_food_1_floating_farm","free_build","marsh_settlement_1_shrine",,,,,,,,,,,,,,"marsh",,,
"marsh_food_2_floating_garden","marsh_food_1_floating_farm","marsh_settlement_2_temple",,,,,,,,,,,,,,"marsh",,,
"marsh_fun_a1_pond","free_build","marsh_settlement_1_shrine",,,,,,,,"marsh_goblin_tortoise_cav",,,,,,"marsh",,,
"marsh_fun_a2_zoo","marsh_fun_a1_pond","marsh_settlement_3_grand_temple",,,,,,,,"marsh_goblin_tortoise_cav,marsh_goblin_air_big_bird",,,,,,"marsh",,,
"marsh_fun_b1_ball_court","free_build","marsh_settlement_4_fancy_temple",,,,,,,,,,,,,,"marsh",,,
"marsh_fun_c1_music_stadium","free_build","marsh_settlement_3_grand_temple",,,,,,,,,,,,,,"marsh",,,
"marsh_fun_d1_museum","free_build","marsh_settlement_3_grand_temple",,,,,,,,"marsh_lizard_dart",,,,,,"marsh",,,
"marsh_fun_d1_supreme_statue","free_build","marsh_settlement_3_grand_temple",,,,,,,,,,,,,,"marsh",,,
"marsh_guard_1_pyramid","free_build","marsh_settlement_2_temple",,,"marsh_goblin_pyramid",,"marsh_goblin_blowdart",,,,,,,,,"marsh",,,
"marsh_guard_2_pyramid_plaza","marsh_guard_2_pyramid","marsh_settlement_3_grand_temple",,,"marsh_goblin_pyramid",,"marsh_goblin_blowdart,marsh_hobgoblin_club",,,,,,,,,"marsh",,,
"marsh_guard_3_pyramid_square","marsh_guard_3_pyramid_plaza","marsh_settlement_4_fancy_temple",,,"marsh_goblin_pyramid","marsh_hobgoblin_leader_blacksword","marsh_goblin_blowdart,marsh_hobgoblin_club",,,,,,,,,"marsh",,,
"marsh_money_1_slave_workshop","free_build","marsh_settlement_1_shrine",,,,,,,,,,,,,,"marsh",,,
"marsh_settlement_1_shrine","free_settlement",,,,,,,,,"marsh_goblin_blowdart",,,,,,"marsh",,,
"marsh_settlement_2_temple","marsh_settlement_1_shrine",,,,,,,,,"marsh_goblin_knife",,,,,,"marsh",,,
"marsh_settlement_3_grand_temple","marsh_settlement_2_temple",,,,,,,,"marsh_hobgoblin_leader_blacksword",,,,,,,"marsh",,,
"marsh_settlement_4_fancy_temple","marsh_settlement_3_grand_temple",,,,,,,,"marsh_goblin_leader_scorpion",,,,,,,"marsh",,,
"marsh_settlement_5_golden_temple","marsh_settlement_4_fancy_temple",,,,,,,,,,,,,,,"marsh",,,
"marsh_tech_a1_mana_hole","free_build","marsh_settlement_2_temple",,,,,,,,,,,,,,"marsh",,,
"marsh_tech_b1_green_house","free_build","marsh_settlement_2_temple",,,,,,,,,"marsh_global_reinforce",,,,,"marsh",,,
"marsh_tech_c1_observary","free_build","marsh_settlement_3_grand_temple",,,,,,,,,"marsh_global_arrive_per_call",,,,,"marsh",,,
"mountain_arty_1_siege_guild","free_build","mountain_settlement_2_chief_hold",,,,,,,,"mountain_dwarf_rune_catapult",,,,,,"mountain",,,
"mountain_barrack_a1_warrior_hall","free_build",,,,,,,,,"mountain_dwarf_axe,mountain_dwarf_big_crossbow",,,,,,"mountain",,,
"mountain_barrack_b1_anvil","free_build","mountain_settlement_2_chief_hold",,,,,,,"mountain_dwarf_leader_chariot_cav","mountain_dwarf_boar_cav",,,,,,"mountain",,,
"mountain_barrack_b2_master_anvil","mountain_barrack_b1_anvil","mountain_settlement_3_noble_hold",,,,,,,"mountain_dwarf_leader_true_beard",,,,,,,"mountain",,,
"dark_barrack_c1_elf_quarter","free_build","mountain_settlement_1_settler_hold",,,,,,,,,,,,,,"mountain",,,
"dark_barrack_c2.1_elf_arena","dark_barrack_c1_elf_quarter",,,,,,,,,"mountain_moonelf_bladed_shield,mountain_moonelf_gladiator",,,,,,"dark",,,
"dark_barrack_c2.2_slave_pen","dark_barrack_c1_elf_quarter",,,,,,,,,"mountain_moonelf_whip,mountain_moonelf_warscythe",,,,,,"dark",,,
"dark_barrack_c3.1_elf_blood_pool","dark_barrack_c2.1_elf_arena",,,,,,,,"mountain_moonelf_leader_blood_sage",,,,,,,"dark",,,
"dark_barrack_d1_elf_workshop","free_build","mountain_settlement_1_settler_hold",,,,,,,,"mountain_moonelf_dualcrossbows",,,,,,"dark",,,
"mountain_food_a1_brew_guild","free_build","mountain_settlement_2_chief_hold",,,,,,,,,,,,,,"mountain",,,
"dark_food_b1_elf_food_hall","free_build","mountain_settlement_1_settler_hold",,,,,,,,,,,,,,"dark",,,
"dark_food_b2_elf_deep_farm","dark_food_b1_elf_food_hall",,,,,,,,,,,,,,,"dark",,,
"mountain_fun_a1_art_guild","free_build","mountain_settlement_3_noble_hold",,,,,,,,,,,,,,"mountain",,,
"dark_fun_c1_elf_masseur","free_build","mountain_settlement_1_settler_hold",,,,,,,,"mountain_moonelf_blowdart_cav",,,,,,"dark",,,
"dark_fun_c2_elf_brothel","dark_fun_c1_elf_masseur",,,,,,,,,,,,,,,"dark",,,
"dark_fun_c3.1_elf_gambling_hall","dark_fun_c2_elf_brothel",,,,,,,,,,,,,,,"dark",,,
"dark_fun_c3.2_elf_thrill_zone","dark_fun_c2_elf_brothel",,,,,,,,,"mountain_moonelf_air_wyvern",,,,,,"dark",,,
"mountain_money_a1_merchant_guild","free_build","mountain_settlement_2_chief_hold",,,,,,,,,,,,,,"mountain",,,
"mountain_money_b1_mine_guild","free_build","mountain_settlement_1_settler_hold",,,,,,,,"mountain_dwarf_rune_balista",,,,,,"mountain",,,
"mountain_settlement_1_settler_hold","free_settlement","free_settlement",5,,,,,,,,,,,,,"mountain",,,
"mountain_settlement_2_chief_hold","mountain_settlement_1_settler_hold",,15,,,,,,,,,,,,,"mountain",,,
"mountain_settlement_3_noble_hold","mountain_settlement_2_chief_hold",,25,,,,,,,,,,,,,"mountain",,,
"mountain_settlement_4_king_hold","mountain_settlement_3_noble_hold",,50,,"mountain_dwarf_fortress",,,,,,,,,,,"mountain",,,
"mountain_settlement_5_emperor_hold","mountain_settlement_4_king_hold",,100,,,,,,,,,,,,,"mountain",,,
"mountain_tech_a1_rune_guild","free_build","mountain_settlement_4_king_hold",,,,,,,"mountain_dwarf_leader_rune_priest",,",mountain_global_defence",,,,,"mountain",,,
"mountain_tech_b1_craft_guild","free_build","mountain_settlement_2_chief_hold",,,,,,,,"mountain_dwarf_beard_warrior",",mountain_global_improved_construction",,,,,"mountain",,,
"mountain_tech_c1_beard_guild","free_build","mountain_settlement_5_emperor_hold",,,,,,,,,,,,,,"mountain",,,
"port_air_a1_copter_workshop",,"port_settlement_4_megacity",,,,,,,,"port_gremlin_air_copter",,,,,,"port",,,
"port_arty_1_colony_port","free_port","port_settlement_3_city",,,,,,,,"port_gremlin_organ_gun,port_halfling_mortar",,,,,,"port",,,
"port_barrack_a1_leased_port","free_port","port_settlement_3_city",,,,,,,,"port_halfling_gun,port_halfling_pistol_cav",,,,,,"port",,,
"port_barrack_b1_stable",,"port_settlement_3_city",,,,,,,"port_halfling_leader_ram_cav","port_halfling_pony_cav",,,,,,"port",,,
"port_food_a1_farm",,"port_settlement_1_village",,,,,,,,"port_halfling_militia_pitchfork",,,,,,"port",,,
"port_food_a2_mechanised_farm","port_food_a1_farm","port_settlement_5_metropolis",,,,,,,"port_halfling_leader_sleeper",,,,,,,"port",,,
"port_food_b1_fishing_port","free_port","port_settlement_2_town",,,,,,,,,,,,,,"port",,,
"port_food_c1_pasture",,"port_settlement_1_village",,,,,,,,"port_halfling_militia_stone",,,,,,"port",,,
"port_food_d1_slaughter_house","port_pasture","port_settlement_4_megacity",,,,,,,,,,,,,,"port",,,
"port_fun_a1_fair",,"port_settlement_2_town",,,,,,,"port_halfling_leader_bard",,,,,,,"port",,,
"port_fun_b1_garden",,"port_settlement_2_town",,,,,,,,,,,,,,"port",,,
"port_fun_c1_gallery",,"port_settlement_3_city",,,,,,,"port_halfling_leader_traveller",,,,,,,"port",,,
"port_guard_1_tower",,"port_settlement_2_town",,,,,,,,,,,,,,"port",,,
"port_guard_2_tower_defensive","port_guard_1_tower",,,,,,,,,,,,,,,"port",,,
"port_money_a1_trade_port","free_port","port_settlement_3_city",,,,,,,,,,,,,,"port",,,
"port_money_b1_bank",,"port_settlement_4_megacity",,,,,,,,,,,,,,"port",,,
"port_money_b2_vault",,"port_settlement_5_metropolis",,,,,,,,,,,,,,"port",,,
"port_money_d1_market",,"port_settlement_2_town",,,,,,,,,,,,,,"port",,,
"port_settlement_1_village","free_settlement",,,,,,,,,,,,,,,"port",,,
"port_settlement_2_town","port_settlement_1_village",,,,,,,,,,,,,,,"port",,,
"port_settlement_3_city","port_settlement_2_town",,,,,,,,,,,,,,,"port",,,
"port_settlement_4_megacity","port_settlement_3_city",,,,,,,,,,,,,,,"port",,,
"port_settlement_5_metropolis","port_settlement_4_megacity",,,,,,,,,,,,,,,"port",,,
"port_tech_a1_armoursmith",,"port_settlement_3_city",,,,,,,,"port_halfling_halberd","port_global_penetrate",,,,,"port",,,
"port_tech_b1_blacksmith",,"port_settlement_2_town",,,,,,,,"port_halfling_sword,port_halfling_shield_crossbow","port_global_range",,,,,"port",,,
"small_air_1_bird_house","free_build","small_settlement_3_warren_moderate",2,500,,,,,,"small_eagle_air_stone",,,,,3,"small",,,
"small_air_2_mew","small_air_1_bird_house",,3,700,,,,"small_eagle_air_stone",,"small_eagle_air_stone","small_eagle_nutrient,small_eagle_hooding",,,,-5,"small",,,
"small_arty_1_siege_guild","free_build","small_settlement_4_warren_nice",8,,,,,,,"small_rabbit_trebuchet",,,,50,-4,"small",,,
"small_arty_2_gunnery_guild","small_arty_1_siege_guild",,11,,,,,,,"small_rabbit_trebuchet,small_rabbit_cannon",,,,100,-8,"small",,,
"small_barrack_a1_warrior_warren","free_build","small_settlement_1_warren_tiny",2,150,,,"small_rabbit_sling",,"small_rabbit_leader_banner","small_rabbit_sling,small_rabbit_spear",,,,,-1,"small",,,
"small_barrack_a2_noble_warren","small_barrack_a1_warrior_warren",,6,400,,,"small_rabbit_spear,small_rabbit_sling",,"small_rabbit_leader_banner,small_rabbit_leader_knight",,"small_rabbit_oath,small_rabbit_capacity",,,5,-2,"small",,,
"small_barrack_b1_arena","free_build","small_barrack_d1_hound,small_barrack_c1_snail_house",3,310,,,"small_rabbit_snail_cav",,"small_rabbit_leader_hero","small_rabbit_snail_cav",,,,,-9,"small",,,
"small_barrack_c1_snail_house","free_build","small_settlement_3_warren_moderate",5,240,,,"small_snail_sword",,,"small_snail_old,small_snail_sword",,,,,2,"small",,,
"small_barrack_d1_hound","free_build","small_settlement_3_warren_moderate",8,280,,,"small_rabbit_hound_cav",,,"small_rabbit_hound_cav","small_hound_bone",,,,-6,"small",,,
"small_barrack_e1_dark_hole","free_build","small_settlement_4_warren_nice",20,40,,,"small_rabbit_killer",,,"small_rabbit_killer",,,,,-2,"small",,,
"small_faith_1_shrine","free_build","small_settlement_2_warren_small",2,25,,,,,"small_rabbit_leader_shaman",,,,,20,5,"small",,,
"small_food_1_garden","free_build","small_settlement_1_warren_tiny",3,50,,,,,,,,,40,10,1,"small",,,
"small_food_2.1_carrot_farm","small_food_1_garden",,6,240,,,,,,,,,100,30,2,"small",,,
"small_food_2.2_flower_garden","small_food_1_garden",,2,160,,,,,,,"small_global_happpiness",,30,,10,"small",,,
"small_fun_1_water_spring","free_build","small_settlement_3_warren_moderate",3,120,,,,,,,"small_better_flower_ground",,10,,4,"small",,,
"small_guard_1_tower","free_build","small_settlement_2_warren_small",6,290,"garrison_summon_rabbit_tower",,"small_rabbit_spear",,,,,,,,,"small",,,
"small_guard_2.1_tower","small_guard_1_tower",,6,420,"garrison_summon_rabbit_tower",,"small_rabbit_spear,small_rabbit_sling,small_rabbit_sling",,,,,,,,-3,"small",,,
"small_guard_2.2_music_tower","small_guard_1_tower",,2,350,"garrison_summon_rabbit_tower",,,,,,,,,,7,"small",,,
"small_money_a1_clay_maker","free_build","small_settlement_3_warren_moderate",5,280,,,,,,,,,,20,2,"small",,,
"small_money_b1_trader","free_build","small_settlement_5_warren_great",9,80,,,,,,,,,100,200,-5,"small",,,
"small_money_b2_hunting_log","small_money_b1_trader",,7,30,,,,,,,,,300,500,-12,"small",,,
"small_settlement_1_warren_tiny","free_settlement",,2,,,"small_rabbit_leader_banner","small_rabbit_spear",,,,,,5,10,1,"small",,,
"small_settlement_2_warren_small","small_settlement_1_warren_tiny",,3,,,"small_rabbit_leader_banner","small_rabbit_spear",,,,,,10,30,2,"small",,,
"small_settlement_3_warren_moderate","small_settlement_2_warren_small",,13,,,"small_rabbit_leader_banner","small_rabbit_spear",,,,,,15,60,4,"small",,,
"small_settlement_4_warren_nice","small_settlement_3_warren_moderate",,21,,,"small_rabbit_leader_knight","small_rabbit_spear,small_rabbit_sling",,,,,,25,90,6,"small",,,
"small_settlement_5_warren_great","small_settlement_4_warren_nice",,32,,,"small_rabbit_leader_knight","small_rabbit_spear,small_rabbit_spear,small_rabbit_sling",,,,,,50,150,9,"small",,,
"small_tech_a1_fur_hardener","free_build","small_settlement_3_warren_moderate",3,,,,,,,,"small_rabbit_fur_oil,small_rabbit_cleaner,small_rabbit_foodpad,small_global_capacity",,,20,-6,"small",,,
"small_tech_b1_weapon_smith","free_build","small_settlement_4_warren_nice",4,,,,,,,,"small_rabbit_better_spear,small_rabbit_better_shield",,,40,-8,"small",,,
"unique_ancient_great_sword",,,,,,,,,,,,,,,,"all",,,
"unique_black_palace",,,,,,,,,,,,,,,,"all",,"TRUE",
"unique_blood_lake",,,,,,,,,,,,,,,,"all",,,
"unique_central_empire_palace",,,,,,,,,,,,,,,,"all",,"TRUE",
"unique_clock_tower",,,,,,,,,,,,,,,,"all",,,
"unique_crab_island",,,,,,,,,,,,,,,,"all",,,
"unique_crystal_hill",,,,,,,,,,,,,,,,"all",,,
"unique_dark_tower",,,,,,,,,,,,,,,,"all",,,
"unique_diamond_wall",,,,,,,,,,,,,,,,"all",,,
"unique_dragon_graveyard",,,,,"neutral_death_dragon",,,,,"neutral_death_dragon",,,,2000,,"all",,"TRUE",
"unique_dragon_lair",,,,,"neutral_dragon",,,,,"neutral_dragon",,,,2000,,"all",,"TRUE",
"unique_golden_city",,,,,,,,,,,,,,,,"all",,,
"unique_grand_flower",,,,,,,,,,,,,,,,"all",,,
"unique_great_depth",,,,,,,,,,,,,,,,"all",,,
"unique_great_depth_1_adventure_zone","unique_great_depth",,,,,,,,,,,,,,,"all",,,
"unique_great_depth_2_adventure_zone","unique_great_depth_1_adventure_zone",,,,,,,,,,,,,,,"all",,,
"unique_great_depth_3_adventure_zone","unique_great_depth_2_adventure_zone",,,,,,,,,,,,,,,"all",,,
"unique_great_depth_4_adventure_zone","unique_great_depth_3_adventure_zone",,,,,,,,,,,,,,,"all",,,
"unique_great_depth_5_adventure_zone","unique_great_depth_4_adventure_zone",,,,,,,,,,,,,,,"all",,,
"unique_great_red_tree",,,,,,,,,,,,,,,,"all",,"TRUE",
"unique_great_ruin",,,,,,,,,,,,,,,,"all",,,
"unique_great_sail",,,,,,,,,,,,,,,,"all",,,
"unique_hall_of_blade",,,,,,,,,,,,,,,,"all",,"TRUE",
"unique_heaven_peak",,,,,,,,,,,,,,,,"all",,,
"unique_hydra_lair",,,,,,,,,,,,,,,,"all",,"TRUE",
"unique_ice_dome",,,,,,,,,,,,,,,,"all",,,
"unique_jade_river",,,,,,,,,,,,,,,,"all",,,
"unique_joy_village",,,,,,,,,,,,,,,,"all",,,
"unique_kings_gallow",,,,,,,,,,,,,,,,"all",,,
"unique_light_tower",,,,,,,,,,,,,,,,"all",,,
"unique_magical_forest",,,,,,,,,,,,,,,1,"all",,"TRUE",
"unique_magical_harvest","unique_magical_forest",,15,,,,,,,,,,,3000,,"all",,,
"unique_magical_plantation","unique_magical_harvest",,40,,,,,,,,,,,5000,,"all",,,
"unique_meat_mountain",,,,,,,,,,,,,,,,"all",,,
"unique_minotaur_dungeon",,,,,"neutral_minotaur",,,,,"neutral_minotaur",,,,,,"all",,"TRUE",
"unique_misery_volcano",,,,,,,,,,,,,,,,"all",,,
"unique_penguin_paradise",,,,,,,,,,,,,,,,"all",,,
"unique_phoenix_nest",,,,,,,,,,,,,,,,"all",,"TRUE",
"unique_rabbit_first_warren",,,,,,,,,,,,,,,,"all",,"TRUE",
"unique_rabbit_jousting_arena",,,,,,,,,,,,,,,,"all",,"TRUE",
"unique_rainbow_lake",,,,,,,,,,,,,,,,"all",,,
"unique_rainbow_pot",,,,,,,,,,,,,,,,"all",,"TRUE",
"unique_ruby_hall",,,,,,,,,,,,,,,,"all",,,
"unique_saffron_hill",,,,,,,,,,,,,,,,"all",,,
"unique_seat_of_power",,,,,,,,,,,,,,,,"all",,,
"unique_seven_light",,,,,,,,,,,,,,,,"all",,,
"unique_sphinx_pyramid",,,,,,,,,,,,,,,,"all",,"TRUE",
"unique_spring_of_fortune",,,,,,,,,,,,,,,,"all",,,
"unique_statue_army",,,,,,,,,,,,,,,,"all",,,
"unique_troll_cave",,,,,"neutral_troll",,,,,"neutral_troll",,,,,,"all",,"TRUE",
"unique_unicorn_grove","unique_magical_forest",,25,,,,,,"neutral_leader_unicorn",,,,,,3,"all",,,
"unique_unicorn_maiden_grove","unique_unicorn_grove",,30,,,,,,"neutral_leader_unicorn",,,,,,6,"all",,,
"unique_white_oasis",,,,,,,,,,,,,,,,"all",,,
"unique_white_palace",,,,,,,,,,,,,,,,"all",,,
"unique_yeti_valley",,,,,,,,,,,,,,,,"all",,"TRUE",
"wood_air_a1_griffin_nest","free_build","wood_settlement_4_tree",,,,,,,,"wood_elf_air_griffin",,,,,,"wood",,,
"wood_air_b1_pegasus_stable","free_build","wood_settlement_5_elder_tree",,,,,,,,"wood_elf_air_pegasus",,,,,,"wood",,,
"wood_air_c1_star_nest","free_build","wood_settlement_5_elder_tree",,,,,,,,"wood_elf_air_star_rider",,,,,,"wood",,,
"wood_barrack_a1_moon_stone","free_build","wood_settlement_4_tree",,,,,,,,"wood_werewolf",,,,,,"wood",,,
"wood_barrack_b1_henge","free_build","wood_settlement_3_seedling",,,,,,,"wood_elf_leader_rider","wood_elf_tiger_cav",,,,,,"wood",,,
"wood_barrack_c1_conservatory","free_build","wood_settlement_4_tree",,,,,,,"wood_fox_leader_mage","wood_bear,wood_boar",,,,,,"wood",,,
"wood_barrack_d1_training_range","free_build","wood_settlement_2_sprout",,,,,,,"wood_elf_leader_sniper","wood_elf_javelin",,,,,,"wood",,,
"wood_fairy_circle","free_build","wood_settlement_4_tree",,,,,,,,,,,,,,"wood",,,
"wood_food_a1_sustainable_orchard","free_build","wood_settlement_2_sprout",,,,,,,,,,,,,,"wood",,,
"wood_food_a2_sustainable_honey_farm","free_build","wood_settlement_3_seedling",,,,,,,,,,,,,,"wood",,,
"wood_food_b1_life_tree","free_build","wood_settlement_5_elder_tree",,,,,,,,,,,,,,"wood",,,
"wood_fun_a1_holy_pond","free_build","wood_settlement_5_elder_tree",,,,,,,,"wood_turtle",,,,,,"wood",,,
"wood_fun_b1_rainbow_end","free_build","wood_settlement_4_tree",,,,,,,,,,,,,,"wood",,,
"wood_fun_c1_refuge","free_build","wood_settlement_3_seedling",,,,,,,,,,,,,,"wood",,,
"wood_money_a1_gem_grove","free_build","wood_settlement_4_tree",,,,,,,,,,,,,,"wood",,,
"wood_money_b1_golden_tree","free_build","wood_settlement_5_elder_tree",,,,,,,,,,,,,,"wood",,,
"wood_money_c1_mana_well","free_build","wood_settlement_4_tree",,,,,,,,,,,,,,"wood",,,
"wood_settlement_1_seed","free_settlement",,,,,,,,,,,,,,,"wood",,,
"wood_settlement_2_sprout","wood_settlement_1_seed",,,,,,,,,"wood_elf_scout,wood_elf_spear",,,,,,"wood",,,
"wood_settlement_3_seedling","wood_settlement_2_sprout",,,,,,,,,"wood_elf_sling",,,,,,"wood",,,
"wood_settlement_4_tree","wood_settlement_3_seedling",,,,,,,,,"wood_tree",,,,,,"wood",,,
"wood_settlement_5_elder_tree","wood_settlement_4_tree",,,,,,,,,"wood_elf_dualswords",,,,,,"wood",,,
"wood_tech_a1_communication_heart","free_build","wood_settlement_4_tree",,,,,,,,,,,,,,"wood",,,
"wood_tech_b1_seed_nursary","free_build","wood_settlement_4_tree",,,,,,,,,,,,,,"wood",,,
"wood_tech_c1_preserving_pool","free_build","wood_settlement_4_tree",,,,,,,,,,,,,,"wood",,,
"wood_tech_d1_meditiation_circle","free_build","wood_settlement_3_seedling",,,,,,,,,"wood_global_base_critical,",,,,,"wood",,,
"wood_tech_e1_shaman_school","free_build","wood_settlement_3_seedling",,,,,,,"wood_elf_leader_druid",,"wood_global_attack_cooldown,",,,,,"wood",,,
,,,,,,,,,,,,,,,,,,,
,,,,,,,,,,,,,,,,,,,
,,,,,,,,,,,"great_global_",,,,,,,,
,,,,,,,,,,,"great_global_attack_resource_cost",,,,,,,,
,,,,,,,,,,,,,,,,,,,
,,,,,,,,,,,,,,,,,,,
,,,,,,,,,,,,,,,,,,,
,,,,,,,,,,,"magic_global_strategy_cooldown,",,,,,,,,
,,,,,,,,,,,,,,,,,,,
,,,,,,,,,,,,,,,,,,,
,,,,,,,,,,,,,,,,,,,
,,,,,,,,,,,,,,,,,,,
,,,,,,,,,,,,,,,,,,,
,,,,,,,,,,,,,,,,,,,
,,,,,,,,,,,,,,,,,,,
,,,,,,,,,,,,,,,,,,,
,,,,,,,,,,,,,,,,,,,
,,,,,,,,,,,,,,,,,,,
,,,,,,,,,,,,,,,,,,,
,,,,,,,,,,,,,,,,,,,
,,,,,,,,,,,,,,,,,,,
,,,,,,,,,,,,,,,,,,,
,,,,,,,,,,,,,,,,,,,
,,,,,,,,,,,,,,,,,,,
,,,,,,,,,,,,,,,,,,,
,,,,,,,,,,,,,,,,,,,
,,,,,,,,,,,,,,,,,,,
,,,,,,,,,,,,,,,,,,,
,,,,,,,,,,,,,,,,,,,
,,,,,,,,,,,,,,,,,,,
,,,,,,,,,,,,,,,,,,,
,,,,,,,,,,,,,,,,,,,
,,,,,,,,,,,,,,,,,,,
,,,,,,,,,,,,,,,,,,,
,,,,,,,,,,,,,,,,,,,
,,,,,,,,,,,,,,,,,,,
,,,,,,,,,,,,,,,,,,,
,,,,,,,,,,,,,,,,,,,
,,,,,,,,,,,,,,,,,,,
,,,,,,,,,,,,,,,,,,,
,,,,,,,,,,,,,,,,,,,
,,,,,,,,,,,,,,,,,,,
,,,,,,,,,,,,,,,,,,,
,,,,,,,,,,,,,,,,,,,
,,,,,,,,,,,,,,,,,,,
,,,,,,,,,,,,,,,,,,,
,,,,,,,,,,,,,,,,,,,
,,,,,,,,,,,,,,,,"desert",,,
,,,,,,,,,,,,,,,,"desert",,,
,,,,,,,,,,,,,,,,"desert",,,
,,,,,,,,,,,,,,,,"desert",,,
,,,,,,,,,,,,,,,,"desert",,,
,,,,,,,,,,,,,,,,"desert",,,
,,,,,,,,,,,,,,,,"desert",,,
,,,,,,,,,,,,,,,,,,,
,,,,,,,,,,,,,,,,,,,
,,,,,,,,,,,,,,,,,,,
,,,,,,,,,,,,,,,,,,,
,,,,,,,,,,,,,,,,,,,
,,,,,,,,,,,,,,,,,,,
,,,,,,,,,,,,,,,,,,,
,,,,,,,,,,,,,,,,,,,
,,,,,,,,,,,,,,,,,,,
,,,,,,,,,,,,,,,,,,,
,,,,,,,,,,,,,,,,,,,
,,,,,,,,,,,,,,,,,,,
,,,,,,,,,,,,,,,,,,,
,,,,,,,,,,,,,,,,"holy",,,
