"ID","Culture","Race","Health","Offence","Defence","Speed","Leadership","Slash Resistance","Crush Resistance","Stab Resistance","Fire Resistance","Water Resistance","Air Resistance","Earth Resistance","Magic Resistance","Poison Resistance","Cost","Supply","Upkeep","Mass","Arrive Per Call","Capacity","Respond Time","Reinforce Time","Is Leader","Is Unique","No Commander","Strategy","Commander AI Aggressiveness","Commander AI Cleverness","Commander AI Swiftness","Commander Melee Like","Commander Range Like","Commander Cavalry Like","Commander Air Like","Commander Leader Like","Sub Characters","Spawns","Status Immunity","Type","Class","AI Behaviour","Power Score","Can Custom","Property","Note"
"barren_orc_axe","barren","orc",800,11,7,25,,,0.25,0.25,-0.25,0.5,-0.5,,-0.5,-0.5,50,120,,240,6,10,2,8,,,,,,,,,,,,,,,,"ground","medium_melee","melee",,,,
"barren_orc_berserker","barren","orc",1400,5,1,38,,,,,-0.25,0.5,-0.5,,-0.5,-0.5,,200,,320,5,6,0.5,13,,,,,,,,,,,,,,,"fear","ground","light_melee","melee",,,,
"barren_orc_drum","barren","orc",650,7,11,18,,,0.25,0.25,-0.25,0.5,-0.5,,-0.5,-0.5,,150,,280,4,3,4,15,,,,,,,,,,,,,,,,"ground","support","melee",,,,
"barren_orc_fist","barren","orc",700,14,6,29,,,0.25,0.25,-0.25,0.5,-0.5,,-0.5,-0.5,20,100,,230,9,14,1,6,,,,,,,,,,,,,,,,"ground","light_melee","melee",,,,
"barren_orc_greathammer","barren","orc",950,6,3,11,,,0.25,0.25,-0.25,0.5,-0.5,,-0.5,-0.5,,220,,290,10,7,3,11,,,,,,,,,,,,,,,,"ground","heavy_melee","melee",,,,
"barren_orc_javelin","barren","orc",500,9,2,37,,,0.25,0.25,-0.25,0.5,-0.5,,-0.5,-0.5,,130,,160,11,8,0.5,15,,,,,,,,,,,,,,,,"ground","light_range","range",,,,
"barren_orc_leader_juggernaut","barren","orc",3000,10,3,16,4,0.5,0.25,0.25,-0.5,0.5,-0.75,,-0.75,-0.5,,450,,420,1,5,2,15,"TRUE",,,,,,,,,,,,,,"fear","ground","heavy_melee","melee",,,,
"barren_orc_leader_totem","barren","orc",2000,29,5,10,16,,0.25,0.25,-0.5,0.5,0.25,,0.25,-0.5,,300,,400,1,4,3,15,"TRUE",,,,,,,,,,,,,,,"ground","support","melee",,,,
"barren_orc_leader_warmaster","barren","orc",2400,26,15,20,8,0.5,0.25,0.25,-0.25,0.5,-0.5,,-0.5,-0.5,,400,,380,1,6,2,15,"TRUE",,,,,,,,,,,,,,,"ground","heavy_melee","melee",,,,
"barren_orc_lookout","barren","orc",400,14,3,32,,,0.25,0.25,-0.25,0.5,-0.5,,-0.5,-0.5,,40,,,14,13,0.15,10,,,,,,,,,,,,,,,,"ground","light_range","range",,,,
"barren_orc_shoulder","barren","orc",850,10,10,33,,,0.25,0.25,-0.25,0.5,-0.5,,-0.5,-0.5,,200,,,4,7,2,16,,,,,,,,,,,,,,,,"ground","medium_melee","melee",,,"shield",
"barren_orc_wardancer","barren","orc",700,26,13,35,,,0.25,0.25,-0.25,0.5,-0.5,,-0.5,-0.5,,340,,,5,4,2,14,,,,,,,,,,,,,,,"fear","ground","support","melee",,,"no_run",
"barren_troll_boulder","barren","troll",2800,3,1,17,,,0.5,0.25,-0.5,0.5,-0.5,,-0.5,-0.5,,480,,550,1,4,4,34,,,,,,,,,,,,,,,,"ground","heavy_range","melee",,,,
"barren_troll_old","barren","troll",2100,13,,13,,,0.5,0.25,-0.5,0.5,-0.5,,0.25,-0.5,,670,,500,1,3,6,34,,,,,,,,,,,,,,,,"ground","support","melee",,,,
"barren_troll_ram","barren","troll",3400,4,6,19,,,0.5,0.25,-0.5,0.5,-0.5,,-0.5,-0.5,,530,,600,1,3,3,20,,,,,,,,,,,,,,,,"ground","siege","melee",,,,
"castle_cat_air_rocket_bomb","castle","housekin",100,20,10,75,,,,,,-0.5,0.25,0.25,0.5,,800,,180,7,4,1,,,,,,,,,,,,,,,,,,"air","bomber","bomber",60,"TRUE","no_forced_move",
"castle_cat_shield_crossbow","castle","housekin",170,37,50,14,,0.25,0.25,0.5,-0.5,-0.5,0.25,0.25,0.5,,450,70,40,16,5,3,1,85,,,,,,,,,,,,,,,,"ground","heavy_range","range",30,"TRUE","shield",
"castle_dog_catapult","castle","housekin",430,25,3,9,,0.5,,0.75,-0.75,,0.25,,,,2000,170,80,150,1,3,3,90,,,,,,,,,,,,,,,,"ground","siege","range",300,"TRUE","no_forced_move",
"castle_dog_flail","castle","housekin",280,32,29,19,,,0.25,,,-0.5,0.25,0.25,0.5,,200,30,25,25,14,6,0.8,35,,,,,,,,,,,,,,,,"ground","medium_melee","melee",24,"TRUE",,
"castle_human_air_flying_monk","castle","human",300,60,60,60,,0.25,0.5,,-0.25,,0.25,,0.5,0.25,600,,70,35,5,1,,,,,,,,,,,,,,,,,,"air","interceptor","interceptor",45,"TRUE","no_forced_move",
"castle_human_castle","castle","construct",4000,0,60,0,,0.75,-0.25,0.75,-0.5,0.5,0.25,-0.25,0.25,0.75,,300,,10000,,,,,,,,,,,,,,,,,"(castle_human_castle_crossbow;0;0)",,,"ground","structure","idle",500,,"no_forced_move,no_weak_side,active_without_sub_character:false,no_spirit,no_move",
"castle_human_castle_crossbow","castle","human",450,40,30,10,,0.25,0.25,0.25,,,,,,,,,,50,,,,,,,,,,,,,,,,,,,,"ground","sub","trap",,,"no_forced_move",
"castle_human_castle_horn","castle","human",1000,20,500,10,,0.25,0.25,0.25,,,,,,,,,,60,,,,,,,,,,,,,,,,,,,,"ground","sub","trap",,,"no_forced_move",
"castle_human_flower_castle","castle","construct",6000,0,70,0,,0.75,,0.75,-0.75,0.75,0.5,,0.5,0.75,,500,,10000,,,,,,,,,,,,,,,,,"(castle_human_flower_castle_crossbow;370;0),(castle_human_flower_castle_crossbow;-320;0),(castle_human_castle_horn;0;0)",,,"ground","structure","idle",800,,"no_forced_move,no_weak_side,active_without_sub_character:false,no_spirit,no_move",
"castle_human_flower_castle_crossbow","castle","human",1400,40,30,10,,0.25,0.25,0.25,,,,,,,,,,50,,,,,,,,,,,,,,,,,,,,"ground","sub","trap",,,"no_forced_move",
"castle_human_flower_knight","castle","human",740,65,83,15,,0.5,,0.25,,,-0.5,0.5,,,2200,160,150,80,5,2,1.5,75,,,,,,,,,,,,,,,"fear","ground","heavy_melee","melee",42,"TRUE","shield,no_run",
"castle_human_knight","castle","human",550,56,61,17,,0.25,-0.25,0.25,0.25,,-0.5,0.25,,,1560,100,100,70,7,3,1.5,55,,,,,,,,,,,,,,,,"ground","heavy_melee","melee",30,"TRUE","shield","can_hold"
"castle_human_knight_cav","castle","human",640,73,42,42,,0.5,0.25,,0.25,,-0.5,0.25,,,2500,140,180,90,6,3,1,60,,,,,,,,,,,,,,,,"ground","heavy_cavalry","melee",39,"TRUE","shield",
"castle_human_leader_banner","castle","human",1500,10,40,30,43,0.25,,0.25,,,,,,,450,30,30,50,1,4,1,30,"TRUE",,,"strategy_minor_encourage",3,4,2,4,4,2,5,6,,,,"ground","support","melee",30,"TRUE",,
"castle_human_leader_jester","castle","human",1100,25,60,78,23,,,,-0.25,,0.25,,0.25,0.5,410,50,30,35,1,3,0.5,35,"TRUE",,,"strategy_minor_false_advance",2,2,5,2,5,3,4,7,,,,"ground","support","range",35,"TRUE",,
"castle_human_leader_lord","castle","human",2000,40,30,45,50,0.25,,0.25,,,,,,-0.25,1000,100,50,100,1,3,1,40,"TRUE",,,"strategy_minor_discipline",5,5,4,4,2,4,6,3,,,,"ground","medium_cavalry","melee",80,"TRUE",,
"castle_human_leader_mage","castle","human",1000,38,15,29,14,-0.5,,-0.5,,0.25,,,0.5,,680,80,50,20,1,2,3,45,"TRUE",,,"spell_magic_bomb",4,4,3,1,7,2,7,6,,,,"ground","support","range",70,"TRUE",,
"castle_human_leader_ranger","castle","human",500,64,28,63,31,,,0.25,,,0.25,0.25,,0.5,530,70,10,40,1,4,0.5,40,"TRUE",,,"strategy_minor_rally",3,3,4,2,6,2,5,5,,,,"ground","light_range","range",60,"TRUE",,
"castle_human_militia_bow","castle","human",140,21,5,24,,,,,,,,,,,230,18,25,20,11,4,0.5,65,,,,,,,,,,,,,,,,"ground","light_range","range",13,"TRUE",,
"castle_human_militia_spear","castle","human",290,30,22,22,,,,,,,,,,,90,10,10,29,22,6,0.5,25,,,,,,,,,,,,,,,,"ground","light_melee","melee",8,"TRUE",,
"death_bat_air","death","bat",30,35,82,95,,-0.5,0.5,0.5,,0.25,,-0.25,,,,,,,12,,,,,,,,,,,,,,,,,,,"air","interceptor","interceptor",,,"no_forced_move",
"death_cat_necromancer","death","housekin",120,30,72,40,,,,,,-0.5,0.25,0.25,0.5,,,,,,2,2,,,,,,,,,,,,,,,,,,"ground","support","range",,,,
"death_gargoyle_air","death","construct",250,46,36,37,,0.5,-0.25,0.75,0.25,-0.5,0.5,0.25,,0.75,,,,,5,,,,,,,,,,,,,,,,,,,"air","interceptor","interceptor",,,,
"death_rat_tower_disease_thrower","death","housekin",,,,,,,,,,,,,,0.75,,,,,,,,,,,,,,,,,,,,,,,,"ground","sub","trap",,,,
"death_undead_banshee","death","undead",60,70,,,,0.95,0.95,0.95,-0.5,,,0.25,-0.5,0.75,,,,,6,3,,,,,,,,,,,,,,,,,,"ground","support","melee",,,,
"death_undead_bone_golem","death","undead",4500,27,,,,0.5,-0.5,0.5,-0.5,,,0.25,,0.75,,,,,1,2,,,,,,,,,,,,,,,,,,"ground","siege","melee",,,,
"death_undead_corpse_thrower","death","undead",,,,,,0.5,-0.5,0.5,-0.5,,,0.25,,0.75,,,,,1,2,,,,,,,,,,,,,,,,,,"ground","siege","range",,,,
"death_undead_ghoul","death","undead",,,,,,0.5,-0.5,0.5,-0.5,,,0.25,,0.75,,,,,22,3,,,,,,,,,,,,,,,,,,"ground","medium_melee","melee",,,,
"death_undead_grave_knight","death","undead",,,,,,0.5,-0.5,0.5,-0.5,,,0.25,,0.75,,,,,10,2,,,,,,,,,,,,,,,,,,"ground","heavy_melee","melee",,,,
"death_undead_hound","death","undead",,,,,,0.5,-0.5,0.5,-0.5,,,0.25,,0.75,,,,,18,4,,,,,,,,,,,,,,,,,,"ground","light_melee","melee",,,,
"death_undead_leader_lich","death","undead",,,,,,0.5,-0.5,0.5,-0.5,,,0.25,,0.75,,,,,1,2,,,"TRUE",,,,,,,,,,,,,,,"ground","support","range",,,,
"death_undead_leader_reaper","death","undead",,,,,,0.5,-0.5,0.5,-0.5,,,0.25,,0.75,,,,,1,2,,,"TRUE",,,,,,,,,,,,,,,"ground","medium_cavalry","melee",,,,
"death_undead_leader_vampire_lady","death","undead",,,,,,0.5,-0.5,0.5,-0.5,,,0.25,,0.25,,,,,1,1,,,"TRUE",,,,,,,,,,,,,,,"ground","light_range","range",,,,
"death_undead_leader_vampire_lord","death","undead",,,,,,0.5,-0.5,0.5,-0.5,,,0.25,,0.25,,,,,1,1,,,"TRUE",,,,,,,,,,,,,,,"ground","medium_melee","melee",,,,
"death_undead_pain_golem","death","undead",3800,38,,,,0.5,-0.5,0.5,-0.5,,,0.25,,0.75,,,,,1,2,,,,,,,,,,,,,,,,,,"ground","siege","melee",,,,
"death_undead_skeleton_bone","death","undead",110,5,15,36,,0.5,-0.5,0.5,-0.5,,,0.25,,0.75,,,,,13,4,,,,,,,,,,,,,,,,,,"ground","light_range","range",,,,
"death_undead_tower","death","construct",,,,,,0.75,-0.75,0.75,-0.5,,0.25,,0.25,0.75,,,,,,,,,,,,,,,,,,,,,,,,"ground","structure","idle",,,,
"death_undead_zombie","death","undead",340,3,5,7,,0.5,-0.5,0.5,-0.5,,,,,0.75,,,,,30,6,,,,,,,,,,,,,,,,,,"ground","medium_melee","melee",,,,
"demon_creeper_claw","demon","demon",,,,,,0.25,0.25,0.25,0.25,0.25,0.25,0.25,0.25,0.25,,,,,,,,,,,,,,,,,,,,,,,,"ground","light_melee","melee",,,,
"demon_fire_breather","demon","demon",,,,,,0.25,0.25,0.25,0.25,0.25,0.25,0.25,0.25,0.25,,,,,,,,,,,,,,,,,,,,,,,,"ground","medium_melee","range",,,,
"demon_warrior","demon","demon",,,,,,0.25,0.25,0.25,0.25,0.25,0.25,0.25,0.25,0.25,,,,,,,,,,,,,,,,,,,,,,,,"ground","heavy_melee","melee",,,,
"desert_djinn_earth","desert","djinn",,,,,,,,,,,,,,,,,,,,,,,,,,,,,,,,,,,,,,"ground","support","melee",,,,
"desert_djinn_fire","desert","djinn",,,,,,,,,,,,,,,,,,,,,,,,,,,,,,,,,,,,,"burn,hot","ground","support","melee",,,,
"desert_djinn_water","desert","djinn",,,,,,,,,,,,,,,,,,,,,,,,,,,,,,,,,,,,,"cold,freeze","ground","support","range",,,,
"desert_djinn_wind","desert","djinn",,,,,,,,,,,,,,,,,,,,,,,,,,,,,,,,,,,,,"shock","ground","support","range",,,,
"desert_human_air_wizard","desert","human",,,,,,,,,,,,,,,,,,,,,,,,,,,,,,,,,,,,,,"air","fighter","fighter",,,"no_forced_move",
"desert_human_bow","desert","human",210,40,18,21,,,,,,,,,,,,,,,,,,,,,,,,,,,,,,,,,,"ground","light_range","mix",,,,
"desert_human_bow_cav","desert","human",,60,7,80,,,,,,,,,,,,,,,,,,,,,,,,,,,,,,,,,,"ground","light_cavalry","range",,,,
"desert_human_camel_cav","desert","human",,,,,,,,,,,,,,,,,,,,,,,,,,,,,,,,,,,,,,"ground","medium_cavalry","melee",,,,
"desert_human_leader_air_warlock","desert","human",,,,,,,,,,,,,,,,,,,,,,,"TRUE",,,,,,,,,,,,,,,"ground","support","range",,,,
"desert_human_leader_earth_warlock","desert","human",,,,,,,,,,,,,,,,,,,,,,,"TRUE",,,,,,,,,,,,,,,"ground","support","range",,,,
"desert_human_leader_fire_warlock","desert","human",,,,,,,,,,,,,,,,,,,,,,,"TRUE",,,,,,,,,,,,,,,"ground","support","range",,,,
"desert_human_leader_water_warlock","desert","human",,,,,,,,,,,,,,,,,,,,,,,"TRUE",,,"spell_fire_barrage",,,,,,,,,,,,"ground","support","range",,,,
"desert_human_sword","desert","human",,,,,,,,,,,,,,,,,,,,,,,,,,,,,,,,,,,,,,"ground","light_melee","melee",,,,
"desert_lizard_assassin","desert","lizard",,,,,,,,,,,,,,,,,,,,,,,,,,,,,,,,,,,,,,"ground","light_melee","flank",,,,
"desert_lizard_spear","desert","lizard",,,,,,,,,,,,,,,,,,,,,,,,,,,,,,,,,,,,,,"ground","light_melee","melee",,,,
"desert_minotaur_ram","desert","minotaur",,,,,,,,,,,,,,,,,,,,,,,,,,,,,,,,,,,,,,"ground","siege","melee",,,,
"desert_troll_ballista","desert","troll",,,,,,,,,,,,,,,,,,,,,,,,,,,,,,,,,,,,,,"ground","siege","range",,,,
"doll_air_balloon","doll","construct",888,43,3,15,,-0.25,0.25,-0.25,-0.25,-0.5,-0.5,0.5,,0.75,50,,500,100,1,,,,,,,,,,,,,,,,,,,"air","fighter","fighter",80,"TRUE","no_forced_move,no_spirit,no_corpse",
"doll_air_mechanical_bird","doll","construct",99,26,9,65,,0.25,-0.25,0.25,,-0.5,-0.5,0.5,,0.75,10,,90,10,12,,,,,,,,,,,,,,,,,,,"air","interceptor","interceptor",31,"TRUE","no_forced_move",
"doll_butler_knife","doll","construct",77,68,23,34,,0.25,,0.25,,-0.5,-0.5,0.5,,0.75,20,50,150,20,7,9,0.7,28,,,,,,,,,,,,,,,,"ground","light_range","range",21,"TRUE",,
"doll_candle_spear","doll","construct",222,40,10,21,,0.5,,0.5,0.5,-0.5,-0.5,0.5,,0.75,5,11,40,36,15,16,0.5,16,,,,,,,,,,,,,,,,"ground","medium_melee","melee",14,"TRUE",,"can_hold"
"doll_claw","doll","construct",99,50,12,29,,0.25,,0.75,,-0.5,-0.5,0.5,,0.75,50,16,140,27,11,12,0.4,22,,,,,,,,,,,,,,,,"ground","light_melee","flank",28,"TRUE",,
"doll_hammer","doll","construct",333,60,9,12,,0.25,0.5,0.25,,-0.5,-0.5,0.5,,0.75,15,40,80,50,6,10,1,24,,,,,,,,,,,,,,,,"ground","medium_melee","melee",23,"TRUE",,
"doll_knight_cav","doll","construct",222,51,15,32,,0.5,0.25,0.5,0.25,-0.5,-0.5,0.5,,0.75,20,50,90,45,6,8,1,32,,,,,,,,,,,,,,,,"ground","heavy_cavalry","melee",25,"TRUE",,
"doll_lander","doll","construct",444,27,16,25,,0.25,0.75,0.25,,-0.5,-0.5,0.5,,0.75,,,,80,,,,,,,,,,,,,,,,,,,,"ground","light_melee","melee",30,,,
"doll_leader_jester","doll","construct",666,52,33,39,80,0.25,,0.25,,-0.5,-0.5,0.5,,0.75,20,45,60,45,1,4,2,40,"TRUE",,,"strategy_lure",6,8,9,3,4,3,8,6,,,,"ground","support","range",20,"TRUE",,
"doll_leader_maker","doll","construct",999,3,6,5,64,0.25,,0.25,,-0.5,-0.5,0.5,,0.75,500,170,200,200,1,2,4,160,"TRUE",,,"strategy_doll_wave",4,9,3,3,4,3,6,9,,,,"ground","support","range",100,"TRUE","no_forced_move,no_spirit",
"doll_leader_puppetmaster","doll","construct",777,13,13,15,96,0.25,,0.25,,-0.5,-0.5,0.5,,0.75,60,90,120,80,1,2,2,50,"TRUE",,,"strategy_ensnare",8,8,4,4,3,3,5,9,,,,"ground","support","range",40,"TRUE",,
"doll_leader_repair","doll","construct",888,24,11,13,75,0.25,,0.25,,-0.25,-0.25,0.5,,0.75,40,60,100,50,1,5,3,60,"TRUE",,,"strategy_minor_combat_aid",2,9,6,5,3,2,7,5,,,,"ground","support","range",50,"TRUE",,
"doll_maid_knight","doll","construct",333,50,18,20,,0.5,0.5,0.5,-0.25,-0.5,-0.5,0.5,,0.75,30,75,100,60,7,7,1.5,70,,,,,,,,,,,,,,,,"ground","heavy_melee","melee",25,"TRUE",,
"doll_thrower","doll","construct",222,36,2,13,,0.75,-0.5,0.75,,-0.5,-0.5,0.5,,0.75,200,170,280,100,1,4,5,140,,,,,,,,,,,,,,,,"ground","siege","range",70,"TRUE","no_forced_move",
"doll_titan","doll","construct",2222,30,7,15,,0.5,,0.5,,-0.5,-0.5,0.5,,0.75,300,130,400,350,1,2,7,200,,,,,,,,,,,,,,,,"ground","siege","melee",150,"TRUE","no_forced_move,no_run",
"doll_wagon_bomber_1","doll","construct",888,40,15,7,,0.25,,0.25,,-0.5,-0.5,0.5,,0.75,,,,,,,,,,,,,,,,,,,,,,,,"ground","sub","trap",100,,"no_forced_move",
"doll_wagon_bomber_2","doll","construct",888,40,15,7,,0.25,,0.25,,-0.5,-0.5,0.5,,0.75,,,,,,,,,,,,,,,,,,,,,,,,"ground","sub","trap",100,,"no_forced_move",
"doll_wagon_bomber_3","doll","construct",888,40,15,7,,0.25,,0.25,,-0.5,-0.5,0.5,,0.75,,,,,,,,,,,,,,,,,,,,,,,,"ground","sub","trap",100,,"no_forced_move",
"doll_witch","doll","construct",88,43,5,14,,,,0.25,,-0.5,-0.5,0.5,0.75,0.75,150,40,160,50,1,4,4,80,,,,,,,,,,,,,,,,"ground","support","range",40,"TRUE",,
"great_elf_air_star_knight","great","sun_elf",,,,,,,,,,,,,,,,,,,,,,,,,,,,,,,,,,,,,,"air","interceptor","interceptor",,,"no_forced_move",
"great_elf_air_star_skirmisher","great","sun_elf",,,,,,,,,,,,,,,,,,,,,,,,,,,,,,,,,,,,,,"air","fighter","fighter",,,"no_forced_move",
"great_elf_bow","great","sun_elf",,,,,,,,,,,,,,,,,,,,,,,,,,,,,,,,,,,,,,"ground","medium_range","mix",,,,
"great_elf_heal_tent","great","construct",,,,,,,,,,,,,,,,,,,,,,,,,,,,,,,,,,,,,,"ground","support","trap",,,,
"great_elf_horse_cav","great","sun_elf",,,,,,,,,,,,,,,,,,,,,,,,,,,,,,,,,,,,,,"ground","medium_cavalry","melee",,,,
"great_elf_leader_knight","great","sun_elf",,,,,,,,,,,,,,,,,,,,,,,,,,,,,,,,,,,,,,"ground","heavy_melee","melee",,,,
"great_elf_leader_mage","great","sun_elf",,,,,,,,,,,,,,,,,,,,,,,,,,,,,,,,,,,,,,"ground","siege","range",,,,
"great_elf_leader_medic","great","sun_elf",,,,,,,,,,,,,,,,,,,,,,,,,,,,,,,,,,,,,,"ground","support","range",,,,
"great_elf_royal_guard","great","sun_elf",,,,,,,,,,,,,,,,,,,,,,,,,,,,,,,,,,,,,,"ground","heavy_melee","melee",,,,
"great_elf_silver_bow","great","sun_elf",,,,,,,,,,,,,,,,,,,,,,,,,,,,,,,,,,,,,,"ground","medium_range","mix",,,,
"great_elf_spear","great","sun_elf",,,,,,,,,,,,,,,,,,,,,,,,,,,,,,,,,,,,,,"ground","medium_melee","melee",,,,
"great_elf_sword","great","sun_elf",500,,,,,,,,,,,,,,,,,,,,,,,,,,,,,,,,,,,,,"ground","medium_melee","melee",,,,
"great_elf_tower","great","construct",,,,,,,,,,,,,,,,,,,,,,,,,,,,,,,,,,,,,,"ground",,"idle",,,,
"great_elf_tower_bow","great","sun_elf",,,,,,,,,,,,,,,,,,,,,,,,,,,,,,,,,,,,,,"ground",,"trap",,,,
"great_elf_warbow","great","sun_elf",,,,,,,,,,,,,,,,,,,,,,,,,,,,,,,,,,,,,,"ground","light_range","range",,,,
"great_elf_warmage","great","sun_elf",,,,,,,,,,,,,,,,,,,,,,,,,,,,,,,,,,,,,,"ground","medium_melee","mix",,,,
"highland_centaur_bow","highland","centaur",,,,,,,,,,,,,,,,,,,,,,,,,,,,,,,,,,,,,,"ground","light_cavalry","range",,,,
"highland_centaur_greatsword","highland","centaur",,,,,,,,,,,,,,,,,,,,,,,,,,,,,,,,,,,,,,"ground","medium_cavalry","melee",,,,
"highland_centaur_leader_banner","highland","centaur",,,,,,,,,,,,,,,,,,,,,,,,,,,,,,,,,,,,,,"ground","support","melee",,,,
"highland_centaur_twinblade","highland","centaur",,,,,,,,,,,,,,,,,,,,,,,,,,,,,,,,,,,,,,"ground","medium_cavalry","melee",,,,
"highland_halfling_pipe","highland","halfling",,,,,,,,,,,,,,,,,,,,,,,,,,,,,,,,,,,,,,"ground","support","melee",,,,
"highland_halfling_sling","highland","halfling",,,,,,,,,,,,,,,,,,,,,,,,,,,,,,,,,,,,,,"ground","light_melee","range",,,,
"highland_halfling_sword","highland","halfling",,,,,,,,,,,,,,,,,,,,,,,,,,,,,,,,,,,,,,"ground","light_melee","melee",,,,
"highland_human_buffalo_cav","highland","human",,,,,,,,,,,,,,,,,,,,,,,,,,,,,,,,,,,,,,"ground","heavy_cavalry","melee",,,,
"highland_human_greataxe","highland","human",,,,,,,,,,,,,,,,,,,,,,,,,,,,,,,,,,,,,,"ground","medium_melee","melee",,,,
"highland_human_greatclub","highland","human",,,,,,,,,,,,,,,,,,,,,,,,,,,,,,,,,,,,,,"ground","medium_melee","melee",,,,
"highland_human_leader_chariot","highland","human",,,,,,,,,,,,,,,,,,,,,,,,,,"strategy_minor_offensive",,,,,,,,,,,,"ground","heavy_cavalry","melee",,,,
"highland_human_rock_kick","highland","human",,,,,,,,,,,,,,,,,,,,,,,,,,,,,,,,,,,,,,"ground","medium_range","melee",,,,
"highland_sheep_leader_shaman","highland","housekin",,,,,,,,,,,,,,,,,,,,,,,,,,,,,,,,,,,,,"cold","ground","support","range",,,,
"highland_sheep_pike","highland","housekin",,,,,,,,,,,,,,,,,,,,,,,,,,,,,,,,,,,,,"cold","ground","medium_melee","melee",,,,"can_hold"
"holy_human_crusader","holy","human",,,,,,,,,,,,,,,,,,,,,,,,,,,,,,,,,,,,,,"ground","heavy_melee","melee",,,,
"holy_human_fanatic","holy","human",,,,,,,,,,,,,,,,,,,,,,,,,,,,,,,,,,,,,,"ground","light_melee","melee",,,,
"holy_human_guard",,,,,,,,,,,,,,,,,,,,,,,,,,,,,,,,,,,,,,,,"ground","medium_melee","melee",,,,
"holy_human_inquisitor","holy","human",,,,,,,,,,,,,,,,,,,,,,,,,,,,,,,,,,,,,,"ground","light_range","mix",,,,
"holy_human_leader_nun","holy","human",,,,,,,,,,,,,,,,,,,,,,,,,,"strategy_minor_great_cure",,,,,,,,,,,,"ground","support","range",,,,
"holy_human_leader_priest","holy","human",,,,,,,,,,,,,,,,,,,,,,,,,,"strategy_minor_prayer",,,,,,,,,,,,"ground","support","range",,,,
"holy_human_paladin","holy","human",,,,,,,,,,,,,,,,,,,,,,,,,,,,,,,,,,,,,,"ground","heavy_melee","melee",,,,
"holy_human_zealot","holy","human",,,,,,,,,,,,,,,,,,,,,,,,,,,,,,,,,,,,,,"ground","light_melee","melee",,,,
"leader_abubaba","desert","human",,,,,,,,,,,,,,,,,,,1,1,,,"TRUE","TRUE",,"strategy_lure",,,,,,,,,,,,"ground","medium_melee","melee",,,,
"leader_abubaba_duel","desert","human",,,,,,,,,,,,,,,,,,,1,1,,,"TRUE","TRUE",,,,,,,,,,,,,,"ground","light_melee","melee",,,,"more_dmg,_lighter_"
"leader_abubaba_warrior","desert","human",,,,,,,,,,,,,,,,,,,1,1,,,"TRUE","TRUE",,,,,,,,,,,,,,"ground","medium_melee","melee",,,,"more_defence"
"leader_adaqua","small","human",2600,67,12,50,72,-0.25,,0.25,,,0.25,,-0.25,0.25,,430,60,125,1,1,,,"TRUE","TRUE",,"strategy_deception",7,5,8,2,5,3,4,6,,,,"ground","light_range","range",300,"TRUE",,
"leader_adaqua_assassin","small","human",,,,,,,,,,,,,,,,,,,1,1,,,"TRUE","TRUE",,,,,,,,,,,,,,"ground","light_melee","melee",,,,"switch_to_melee"
"leader_adaqua_huntress","small","human",,,,,,,,,,,,,,,,,,,1,1,,,"TRUE","TRUE",,,,,,,,,,,,,,"ground","light_range","range",,,,
"leader_ahaddi","barren","demon",,,,,,,,,,,,,,,,,,,1,1,,,"TRUE","TRUE",,"spell_ice_orb",,,,,,,,,,,,"ground",,,,,,
"leader_ahaddi_blood","barren","demon",,,,,,,,,,,,,,,,,,,1,1,,,"TRUE","TRUE",,,,,,,,,,,,,,"ground",,,,,,"blood_spells_with_bleed_and_degen,_debuff"
"leader_ahaddi_fire","barren","demon",,,,,,,,,,,,,,,,,,,1,1,,,"TRUE","TRUE",,"spell_great_fireball",,,,,,,,,,,,"ground",,,,,,"fire_spelss"
"leader_alkumsen","demon","demon",,,,,,,,,,,,,,,,,,,1,1,,,"TRUE","TRUE",,"strategy_clarity",,,,,,,,,,,,"ground",,,,,,"no_upgrade"
"leader_amgarn","free","housekin",3200,64,90,75,32,,0.25,,,-0.5,0.25,,,,2100,300,110,185,1,1,0,,"TRUE","TRUE",,"strategy_mastery",6,6,9,6,2,2,3,8,,,,"ground","light_melee","melee",270,"TRUE",,
"leader_amgarn_swordsaint","free","housekin",,,,,,,,,,,,,,,,,,,1,1,,,"TRUE","TRUE",,"strategy_saint_exemplar",,,,,,,,,,,,"ground","light_melee","melee",,,,
"leader_amunsa","free","human",4800,60,68,38,29,0.25,0.5,,-0.25,,0.25,-0.25,0.25,,2400,270,350,290,1,1,2,,"TRUE","TRUE",,"strategy_bravery",7,6,5,5,2,3,4,6,,,,"ground","medium_melee","melee",440,"TRUE",,
"leader_amunsa_warsmith","free","human",,,,,,,,,,,,,,,,,,,1,1,,,"TRUE","TRUE",,"strategy_great_assault",,,,,,,,,,,,"ground",,,,,,"better_melee"
"leader_amupadeble","death","moon_elf",,,,,,,,,,,,,,,,,,,1,1,,,"TRUE","TRUE",,"strategy_blazing_heart",,,,,,,,,,,,"ground",,,,,,"no_upgrade"
"leader_aquanturas","castle","human",3500,71,34,87,71,0.5,,0.25,,0.25,,0.25,,,3700,440,320,220,1,1,0.5,,"TRUE","TRUE",,"strategy_rally",7,7,8,2,5,3,6,5,,,,"ground","medium_cavalry","range",,,,
"leader_aquanturas_newway","castle","human",,,,,,,,,,,,,,,,,,,1,1,,,"TRUE","TRUE",,"strategy_lightning_advance",,,,,,,,,,,,"ground",,,,,,"use_gun_better_dmg_and_moveset"
"leader_aquanturas_oldway","castle","human",,,,,,,,,,,,,,,,,,,1,1,,,"TRUE","TRUE",,"strategy_steady_advance",,,,,,,,,,,,"ground",,,,,,"better_strategy/leader"
"leader_armina","wood","sun_elf",2200,32,21,13,60,,,,-0.5,0.5,0.25,0.25,0.25,-0.5,,,,130,1,1,,,"TRUE","TRUE",,"strategy_clarity",,,,,,,,,,,,"ground",,,,,,
"leader_armina_pact","wood","sun_elf",,,,,,,,,,,,,,,,,,,1,1,,,"TRUE","TRUE",,"strategy_paragon_providence",,,,,,,,,,,,"ground",,,,,,"more_summons"
"leader_asgane","mountain","dwarf",,,,,,,,,,,,,,,,,,,1,1,,,"TRUE","TRUE",,,,,,,,,,,,,,"ground",,,,,,
"leader_asgane_high","mountain","dwarf",,,,,,,,,,,,,,,,,,,1,1,,,"TRUE","TRUE",,,,,,,,,,,,,,"ground",,,,,,
"leader_asgane_low","mountain","dwarf",,,,,,,,,,,,,,,,,,,1,1,,,"TRUE","TRUE",,,,,,,,,,,,,,"ground",,,,,,
"leader_augtual","mountain","dwarf",,,,,,,,,,,,,,,,,,,1,1,,,"TRUE","TRUE",,"strategy_commander's_duty",,,,,,,,,,,,"ground",,,,,,
"leader_augtual_attack","mountain","dwarf",,,,,,,,,,,,,,,,,,,1,1,,,"TRUE","TRUE",,,,,,,,,,,,,,"ground",,,,,,
"leader_augtual_defend","mountain","dwarf",,,,,,,,,,,,,,,,,,,1,1,,,"TRUE","TRUE",,,,,,,,,,,,,,"ground",,,,,,
"leader_aunnial","holy","human",,,,,,,,,,,,,,,,,,,1,1,,,"TRUE","TRUE",,"strategy_divine_potency",,,,,,,,,,,,"ground",,,1000,,,"no_upgrade"
"leader_avalkari","death","sun_elf",,,,,,,,,,,,,,,,,,,1,1,,,"TRUE","TRUE",,"spell_death_cloud",,,,,,,,,,,,"ground",,,,,,"no_upgrade"
"leader_bajiniri","desert","goblin",,,,,,,,,,,,,,,,,,,1,1,,,"TRUE","TRUE",,"strategy_demoralise",,,,,,,,,,,,"ground",,,,,,
"leader_bajiniri_chaos","deser","goblin",,,,,,,,,,,,,,,,,,,1,1,,,"TRUE","TRUE",,"strategy_command_collapse",,,,,,,,,,,,"ground",,,,,,"has_to_choose_between_this_or_order_baju,_lock_out_other"
"leader_bajumiji","desert","goblin",,,,,,,,,,,,,,,,,,,1,1,,,"TRUE","TRUE",,"strategy_diversion",,,,,,,,,,,,"ground",,,,,,
"leader_bajumiji_order","desert","goblin",,,,,,,,,,,,,,,,,,,1,1,,,"TRUE","TRUE",,"strategy_reign_of_order",,,,,,,,,,,,"ground",,,,,,"has_to_choose_between_this_or_free_baj,_lock_out_other"
"leader_bauqah","wood","beastman",5650,46,33,57,24,0.25,0.25,,-0.5,-0.5,0.5,0.5,0.25,,,,,300,1,1,,,"TRUE","TRUE",,"spell_air_domain",,,,,,,,,,,,"ground",,"melee",,,,
"leader_bauqah_pack","wood","beastman",,,,,,,,,,,,,,,,,,,1,1,,,"TRUE","TRUE",,"spell_air_domain",,,,,,,,,,,,"ground",,,,,,"add_buff_allies"
"leader_bauqah_solo","wood","beastman",,,,,,,,,,,,,,,,,,,1,1,,,"TRUE","TRUE",,"spell_air_domain",,,,,,,,,,,,"ground",,,,,,"add_buff_self"
"leader_bej","highland","halfling",,,,,,,,,,,,,,,,,,,1,1,,,"TRUE","TRUE",,"spell_mass_strength",,,,,,,,,,,,"ground",,,,,,
"leader_bej_newhome","highland","halfling",,,,,,,,,,,,,,,,,,,1,1,,,"TRUE","TRUE",,,,,,,,,,,,,,"ground",,,,,,"add_buff_allies"
"leader_bej_oldhome","highland","halfling",,,,,,,,,,,,,,,,,,,1,1,,,"TRUE","TRUE",,,,,,,,,,,,,,"ground",,,,,,"add_buff_self"
"leader_bigta","small","vertkin",5200,41,68,44,68,,0.5,0.25,-0.25,-0.25,0.25,,0.25,0.25,500,300,10,180,1,1,1,,"TRUE","TRUE",,"strategy_unity",7,4,4,4,3,3,5,5,,,,"ground","medium_cavalry","melee",450,"TRUE","shield",
"leader_bigta_bersa","small","vertkin",,,,,,,,,,,,,,,,,,,1,1,,,"TRUE","TRUE",,"strategy_finest_mastery",,,,,,,,,,,,"ground",,,,,,"better_combat"
"leader_bigta_sintor","small","vertkin",,,,,,,,,,,,,,,,,,,1,1,,,"TRUE","TRUE",,"strategy_omen_of_victory",,,,,,,,,,,,"ground",,,,,,"better_leader/strategy"
"leader_boggod","marsh","goblin",,,,,,,,,,,,,,,,,,,1,1,,,"TRUE","TRUE",,"spell_poison_beam",,,,,,,,,,,,"ground",,,,,,
"leader_boggod_hobgoblin","marsh","goblin",,,,,,,,,,,,,,,,,,,1,1,,,"TRUE","TRUE",,,,,,,,,,,,,,"ground",,,,,,"summon_hobgoblin"
"leader_boggod_lizard","marsh","goblin",,,,,,,,,,,,,,,,,,,1,1,,,"TRUE","TRUE",,,,,,,,,,,,,,"ground",,,,,,"summon_lizard"
"leader_buikuuh","small","dwarf",2900,50,61,30,31,,0.5,,0.5,-0.5,-0.5,0.25,0.25,0.5,900,370,50,140,1,1,,,"TRUE","TRUE",,"strategy_determination",3,8,5,4,4,2,6,7,,,,"ground","medium_range","range",390,"TRUE",,
"leader_buikuuh_longer","small","dwarf",,,,,,,,,,,,,,,,,,,1,1,,,"TRUE","TRUE",,"strategy_majesty",,,,,,,,,,,,"ground",,,,,,"no_difference_as_another,_get_more_moveset"
"leader_buikuuh_wider","small","dwarf",,,,,,,,,,,,,,,,,,,1,1,,,"TRUE","TRUE",,"strategy_majesty",,,,,,,,,,,,"ground",,,,,,"no_difference_as_another,_get_more_moveset"
"leader_champion","castle","human",6000,75,75,50,40,,,,,,,,,,0,150,0,250,1,1,0.5,,"TRUE","TRUE",,"strategy_determination",9,4,8,5,1,4,3,8,,,"fear,terror","ground","medium_melee","melee",580,"TRUE","no_forced_move","no_upgrade"
"leader_cheermaker","desert","vertkin",,,,,,,,,,,,,,,,,,,1,1,,,"TRUE","TRUE",,"strategy_encourage",,,,7,1,2,8,3,,,,"ground","light_melee","melee",,,,
"leader_cheermaker_fanfare","desert","vertkin",,,,,,,,,,,,,,,,,,,1,1,,,"TRUE","TRUE",,,,,,,,,,,,,,"ground",,"melee",,,,
"leader_dashisi","free","fairy",3200,32,84,90,84,0.25,0.5,0.75,-0.25,-0.25,0.25,,0.5,-0.5,4000,240,550,121,1,1,,,"TRUE","TRUE",,"spell_mass_weakness",7,7,7,4,3,3,10,6,,,,"ground","light_melee","melee",340,"TRUE",,
"leader_dashisi_known","free","fairy",,,,,,,,,,,,,,,,,,,1,1,,,"TRUE","TRUE",,,,,,,,,,,,,,"ground","light_melee","melee",,,,
"leader_diezralvir","free","undead",,,,,,,,,,,,,,,,,,,1,1,,,"TRUE","TRUE",,"strategy_diversion",,,,,,,,,,,,"ground",,,,,,"no_upgrade"
"leader_dimwa","wood","vertkin",,,,,,,,,,,,,,,,,,,1,1,,,"TRUE","TRUE",,,,,,,,,,,,,,"ground",,,,,,
"leader_dimwa_awaken","wood","vertkin",,,,,,,,,,,,,,,,,,,1,1,,,"TRUE","TRUE",,"strategy_guardian_star",,,,,,,,,,,,"ground",,,,,,
"leader_doll_king","doll","construct",3513,40,30,30,90,0.5,0.25,0.5,-0.25,-0.5,-0.5,0.5,0.25,0.75,100,380,420,165,1,1,,,"TRUE","TRUE",,"strategy_legislate_hegemony",5,8,7,4,3,3,5,8,,,,"ground","support","range",400,"TRUE",,
"leader_doll_king_red","doll","construct",,,,,80,,,,,,,,,,,,,,1,1,,,"TRUE","TRUE",,,,,,,,,,,,,,"ground",,,,,,
"leader_doll_king_white","doll","construct",,,,,100,,,,,,,,,,,,,,1,1,,,"TRUE","TRUE",,,,,,,,,,,,,,"ground",,,,,,
"leader_doll_prince","doll","construct",4268,60,20,40,60,0.25,0.5,0.25,0.5,-0.75,-0.75,0.5,0.25,0.75,130,260,500,225,1,1,,,"TRUE","TRUE",,"spell_oil_ball",7,6,6,5,2,3,7,4,,,,"ground","medium_melee","melee",440,"TRUE","no_run",
"leader_doll_prince_black","doll","construct",,,,,50,,,,,,,,,,,,,,1,1,,,"TRUE","TRUE",,,,,,,,,,,,,,"ground",,,,,,
"leader_doll_prince_blue","doll","construct",,,,,70,,,,,,,,,,,,,,1,1,,,"TRUE","TRUE",,,,,,,,,,,,,,"ground",,,,,,
"leader_doll_princess","doll","construct",3951,50,50,40,70,0.75,0.25,0.5,0.5,-0.5,0.5,-0.5,-0.5,0.75,200,330,650,315,1,1,,,"TRUE","TRUE",,"spell_mass_strength",4,7,9,2,4,4,10,10,,,,"ground","support","range",480,"TRUE","no_forced_move,no_spirit",
"leader_doll_princess_green","doll","construct",,,,,60,,,,,,,,,,,,,,1,1,,,"TRUE","TRUE",,,,,,,,,,,,,,"ground",,,,,,
"leader_doll_princess_purple","doll","construct",,,,,80,,,,,,,,,,,,,,1,1,,,"TRUE","TRUE",,,,,,,,,,,,,,"ground",,,,,,
"leader_doll_queen","doll","construct",5627,70,40,30,80,,,,,,,,,,,,,445,1,1,,,"TRUE","TRUE",,"strategy_majesty",8,4,4,4,2,4,3,7,,,,"ground","heavy_melee","melee",,,,
"leader_doll_queen_orange","doll","construct",,,,,70,,,,,,,,,,,,,,1,1,,,"TRUE","TRUE",,"strategy_imperial_decree",,,,,,,,,,,,"ground",,,,,,
"leader_doll_queen_teal","doll","construct",,,,,90,,,,,,,,,,,,,,1,1,,,"TRUE","TRUE",,,,,,,,,,,,,,"ground",,,,,,
"leader_doll_wagon","doll","construct",5178,61,10,31,60,0.5,0.25,0.5,-0.25,-0.5,-0.5,0.5,0.25,0.75,80,440,600,500,1,1,2,,"TRUE","TRUE",,"strategy_rally",7,6,8,3,3,4,5,7,"(doll_wagon_bomber_1;-250;0),(doll_wagon_bomber_2;230;0),(doll_wagon_bomber_3;0;0)",,,"ground","heavy_cavalry","melee",50,"TRUE","no_forced_move,no_spirit",
"leader_dook","barren","orc",,,,,,,,,,,,,,,,,,,1,1,,,"TRUE","TRUE",,"strategy_rally",,,,,,,,,,,,"ground",,,,,,
"leader_dook_carrot","barren","orc",,,,,,,,,,,,,,,,,,,1,1,,,"TRUE","TRUE",,,,,,,,,,,,,,"ground",,,,,,"add_buff_"
"leader_dook_stick","barren","orc",,,,,,,,,,,,,,,,,,,1,1,,,"TRUE","TRUE",,,,,,,,,,,,,,"ground",,,,,,"add_strong_buff_that_reduce_health"
"leader_dunbi","barren","orc",,,,,,,,,,,,,,,,,,,1,1,,,"TRUE","TRUE",,,,,,,,,,,,,,"ground",,,,,,
"leader_dunbi_showoff","barren","orc",,,,,,,,,,,,,,,,,,,1,1,,,"TRUE","TRUE",,,,,,,,,,,,,,"ground",,,,,,
"leader_duskuksa","mountain","dwarf",3600,53,38,24,62,0.25,0.5,,0.5,-0.5,-0.5,0.25,0.25,0.5,3000,350,,220,1,1,,,"TRUE","TRUE",,"strategy_rune_craft",3,6,3,6,2,2,3,4,,,,"ground","medium_melee","melee",,,,
"leader_duskuksa_lord","mountain","dwarf",5200,61,50,16,80,0.5,0.5,0.25,0.5,-0.5,-0.5,0.25,0.25,0.5,,,,560,1,1,,,"TRUE","TRUE",,"strategy_establish_control",3,5,5,,,,,8,,,,"ground","heavy_cavalry","melee",,,,"more_buff_moveset"
"leader_duskuksa_sage","mountain","dwarf",,,,,,,,,,,,,,,,,,,1,1,,,"TRUE","TRUE",,,,,,,,,,5,,,,"ground","heavy_melee",,,,,"more_aoe_moveset"
"leader_duvdup","death","undead",,,,,,,,,,,,,,,,,,,1,1,,,"TRUE","TRUE",,"spell_death_cloud",,,,,,,,,,,,"ground",,,,,,"no_upgrade"
"leader_ehi","port","halfling",,,,,,,,,,,,,,,,,,,1,1,,,"TRUE","TRUE",,"strategy_unwavering_faith",,,,,,,,,,,,"ground",,,,,,
"leader_ehi_prophet","port","halfling",,,,,,,,,,,,,,,,,,,1,1,,,"TRUE","TRUE",,,,,,,,,,,,,,"ground",,,,,,
"leader_elmaliern","free","human",2230,17,24,32,58,,,,,,-0.25,-0.25,0.5,0.25,,,700,110,1,1,,,"TRUE","TRUE",,"spell_zombie_horde",2,8,4,2,4,4,5,3,,,,"ground","support","range",,,,
"leader_elmaliern_lich","free","undead",4000,28,44,44,71,0.5,-0.25,0.75,-1,,,0.25,0.25,1,,,,190,1,1,,,"TRUE","TRUE",,,5,9,6,,,,,,,,,"ground",,,,,,"debuff_focus"
"leader_elmaliern_spiritualist","free","human",2600,,,,,,,,,,,,,,,,,,1,1,,,"TRUE","TRUE",,,,,,,,,,,,,,"ground",,,,,,"buff_focus"
"leader_emlai","death","undead",,,,,,,,,,,,,,,,,,,1,1,,,"TRUE","TRUE",,"spell_skeleton_horde",,,,,,,,,,,,"ground",,,,,,"no_upgrade"
"leader_entaguz","free","gremlin",,,,,,,,,,,,,,,,,,,1,1,,,"TRUE","TRUE",,,,,,,,,,,,,,"ground",,,,,,
"leader_entaguz_enhance","free","gremlin",,,,,,,,,,,,,,,,,,,1,1,,,"TRUE","TRUE",,,,,,,,,,,,,,"ground",,,,,,
"leader_entium","highland","centaur",,,,,,,,,,,,,,,,,,,1,1,,,"TRUE","TRUE",,,,,,,,,,,,,,"ground",,,,,,
"leader_entium_greatbow","highland","centaur",,,,,,,,,,,,,,,,,,,1,1,,,"TRUE","TRUE",,,,,,,,,,,,,,"ground",,,,,,
"leader_eona","free","human",,,,,,,,,,,,,,,,,,,1,1,,,"TRUE","TRUE",,"strategy_unity",,,,,,,,,,,,"ground",,,,,,
"leader_eona_peace","free","human",,,,,,,,,,,,,,,,,,,1,1,,,"TRUE","TRUE",,,,,,,,,,,,,,"ground",,,,,,
"leader_erkevhern","wood","vertkin",,,,,,,,,,,,,,,,,,,1,1,,,"TRUE","TRUE",,"spell_poison_ball",,,,,,,,,,,,"ground",,,,,,
"leader_erkevhern_potent","wood","vertkin",,,,,,,,,,,,,,,,,,,1,1,,,"TRUE","TRUE",,"spell_death_cloud",,,,,,,,,,,,"ground",,,,,,
"leader_esluoya","barren","moon_elf",,,,,,,,,,,,,,,,,,,1,1,,,"TRUE","TRUE",,"strategy_lure",,,,,,,,,,,,"ground",,,,,,
"leader_esluoya_enchant","barren","moon_elf",,,,,,,,,,,,,,,,,,,1,1,,,"TRUE","TRUE",,,,,,,,,,,,,,"ground",,,,,,
"leader_filia","free","sun_elf",,,,,,,,,,,,,,,,,,,1,1,,,"TRUE","TRUE",,"strategy_entrap",,,,,,,,,,,,"ground","light_melee",,,,,
"leader_filia_light","free","sun_elf",,,,,,,,,,,,,,,,,,,1,1,,,"TRUE","TRUE",,"spell_flash",,,,,,,,,,,,"ground",,,,,,"blind,_fire"
"leader_filia_shadow","free","sun_elf",,,,,,,,,,,,,,,,,,,1,1,,,"TRUE","TRUE",,"spell_invisible",,,,,,,,,,,,"ground",,,,,,"invisible,_poison"
"leader_forgotten","death","undead",,,,,,,,,,,,,,,,,,,1,1,,,"TRUE","TRUE",,,,,,,,,,,,,,"ground",,"melee",,,,
"leader_forgotten_horror","death","undead",,,,,,,,,,,,,,,,,,,1,1,,,"TRUE","TRUE",,"strategy_abandon_all_hope",,,,,,,,,,,,"ground",,"melee",,,,"debuff_focus"
"leader_forgotten_legend","death","undead",,,,,,,,,,,,,,,,,,,1,1,,,"TRUE","TRUE",,"strategy_absolute_command",,,,,,,,,,,,"ground",,"melee",,,,"buff_focus"
"leader_gajik","desert","orc",,,,,,,,,,,,,,,,,,,1,1,,,"TRUE","TRUE",,"spell_poison_bomb",,,,,,,,,,,,"ground",,,,,,
"leader_gajik_herb","desert","orc",,,,,,,,,,,,,,,,,,,1,1,,,"TRUE","TRUE",,"strategy_forgotten_pain",,,,,,,,,,,,"ground",,,,,,"support"
"leader_gajik_mushroom","desert","orc",,,,,,,,,,,,,,,,,,,1,1,,,"TRUE","TRUE",,,,,,,,,,,,,,"ground",,,,,,"berserk"
"leader_garun","highland","human",,,,,,,,,,,,,,,,,,,1,1,,,"TRUE","TRUE",,"strategy_god_speed",,,,,,,,,,,,"ground","medium_melee","melee",,,,"no_upgrade"
"leader_gillasis","barren","centaur",,,,,,,,,,,,,,,,,,,1,1,,,"TRUE","TRUE",,"spell_cold_air",,,,,,,,,,,,"ground",,,,,,
"leader_gillasis_great_wind","barren","centaur",,,,,,,,,,,,,,,,,,,1,1,,,"TRUE","TRUE",,"spell_hurricane",,,,,,,,,,,,"ground",,,,,,
"leader_glomuk","marsh","dwarf",,,,,,,,,,,,,,,,,,,1,1,,,"TRUE","TRUE",,"strategy_rune_craft",,,,,,,,,,,,"ground",,,,,,
"leader_glomuk_renown","marsh","dwarf",,,,,,,,,,,,,,,,,,,1,1,,,"TRUE","TRUE",,"strategy_rune_craft",,,,,,,,,,,,"ground",,,,,,
"leader_gsunper","mountain","dwarf",,,,,,,,,,,,,,,,,,,1,1,,,"TRUE","TRUE",,"strategy_on_the_defensive",,,,,,,,,,,,"ground",,,,,,
"leader_gsunper_air_golem","mountain","construct",,,,,,,,,,,,,,,,,,,1,1,,,"TRUE","TRUE",,"spell_lightning_strike",,,,,,,,,,,,"ground",,,,,,
"leader_gsunper_fire_golem","mountain","construct",,,,,,,,,,,,,,,,,,,1,1,,,"TRUE","TRUE",,"strategy_blazing_heart",,,,,,,,,,,,"ground",,,,,,
"leader_hermanos","castle","human",3200,28,33,68,56,,0.25,,,,0.25,,,,900,250,220,210,1,1,,,"TRUE","TRUE",,"strategy_encourage",4,7,6,3,3,4,5,6,,,,"ground","support","melee",280,"TRUE",,
"leader_hermanos_lord","castle","human",,,,,,,,,,,,,,,,,,,1,1,,,"TRUE","TRUE",,"strategy_military_masterpiece",,,,,,,,,,,,"ground",,"melee",,,,
"leader_hokem","highland","orc",,,,,,,,,,,,,,,,,,,1,1,,,"TRUE","TRUE",,"strategy_mastery",,,,,,,,,,,,"ground",,,,,,
"leader_hokem_master","highland","orc",,,,,,,,,,,,,,,,,,,1,1,,,"TRUE","TRUE",,,,,,,,,,,,,,"ground",,,,,,
"leader_hus","doll","halfling",2900,61,58,22,42,,,0.5,,-0.25,,,,0.25,850,180,200,140,1,1,,,"TRUE","TRUE",,"strategy_encourage",3,6,8,2,6,2,9,8,,,"fear,terror","ground","support","range",240,"TRUE",,
"leader_hus_joy","doll","halfling",,,,,,,,,,,,,,,,,,,1,1,,,"TRUE","TRUE",,"weather_sun",,,,,,,,,,,,"ground",,,,,,"buff_focus"
"leader_hus_sorrow","doll","halfling",,,,,,,,,,,,,,,,,,,1,1,,,"TRUE","TRUE",,"weather_fog",,,,,,,,,,,,"ground",,,,,,"debuff_focus"
"leader_ikkanwi","port","gremlin",,,,,,,,,,,,,,,,,,,1,1,,,"TRUE","TRUE",,"strategy_military_masterpiece",,,,,,,,,,,,"ground",,,,,,"no_upgrade"
"leader_iri","small","halfling",2300,44,46,11,26,,0.25,,-0.25,0.25,,,0.25,0.5,1080,400,80,100,1,1,2,,"TRUE","TRUE",,"strategy_ingenuity",3,7,6,3,5,2,9,7,,,,"ground","support","range",330,"TRUE",,
"leader_iri_innovation","small","halfling",,,,,,,,,,,,,,,,420,,,1,1,,,"TRUE","TRUE",,"strategy_ingenuity",,,,,,,,,,,,"ground","support","range",,,,
"leader_iri_magic","small","halfling",,,,,,,,,,,,,,,,420,,,1,1,,,"TRUE","TRUE",,"strategy_ingenuity",,,,,,,,,,,,"ground","support","range",,,,
"leader_jumu","wood","vertkin",,,,,,,,,,,,,,,,,,,1,1,,,"TRUE","TRUE",,,,,,,,,,,,,,"ground",,,,,,
"leader_jumu_scoowa","wood","vertkin",,,,,,,,,,,,,,,,,,,1,1,,,"TRUE","TRUE",,"strategy_march_of_the_four_wind",,,,,,,,,,,,"ground",,,,,,"add_move_that_has_extremely_high_mobility_to_backline"
"leader_kadamyas","highland","centaur",,,,,,,,,,,,,,,,,,,1,1,,,"TRUE","TRUE",,,,,,,,,,,,,,"ground",,,,,,
"leader_kadamyas_knight","highland","centaur",,,,,,,,,,,,,,,,,,,1,1,,,"TRUE","TRUE",,"strategy_loyalty",,,,,,,,,,,,"ground",,,,,,
"leader_kadamyas_skirmisher","highland","centaur",,,,,,,,,,,,,,,,,,,1,1,,,"TRUE","TRUE",,"strategy_great_manoeuvrer",,,,,,,,,,,,"ground",,,,,,
"leader_kaddun","port","dwarf",,,,,,,,,,,,,,,,,,,1,1,,,"TRUE","TRUE",,"strategy_brilliance",,,,,,,,,,,,"ground",,,,,,"no_upgrade"
"leader_kadeloner","death","undead",,,,,,,,,,,,,,,,,,,1,1,,,"TRUE","TRUE",,,,,,,,,,,,,,"ground",,,,,,
"leader_kadeloner_curseblade","death","undead",,,,,,,,,,,,,,,,,,,1,1,,,"TRUE","TRUE",,,,,,,,,,,,,,"ground",,,,,,"debuff_focus"
"leader_kadeloner_oldfaith","death","undead",,,,,,,,,,,,,,,,,,,1,1,,,"TRUE","TRUE",,"strategy_unwavering_faith",,,,,,,,,,,,"ground",,,,,,"buff_focus"
"leader_kak","small","vertkin",1900,31,78,70,45,,0.25,0.25,-0.25,-0.25,0.5,0.25,,,300,280,20,140,1,1,0.5,,"TRUE","TRUE",,"strategy_false_advance",3,8,8,3,5,2,6,7,,,,"ground","light_range","mix",240,"TRUE",,
"leader_kak_fruit","small","vertkin",,,,,,,,,,,,,,,,,,,1,1,,,"TRUE","TRUE",,,,,,,,,,,,,,"ground",,,,,,"better_leader/strategy"
"leader_kak_meat","small","vertkin",,,,,,,,,,,,,,,,,,,1,1,,,"TRUE","TRUE",,,,,,,,,,,,,,"ground",,,,,,"better_combat"
"leader_kalimny","demon","sun_elf",,,,,,,,,,,,,,,,,,,1,1,,,"TRUE","TRUE",,"strategy_demoralise",,,,,,,,,,,,"ground",,,,,,
"leader_kalimny_full_moon","demon","sun_elf",,,,,,,,,,,,,,,,,,,1,1,,,"TRUE","TRUE",,,,,,,,,,,,,,"ground",,,,,,
"leader_kalimny_half_moon","demon","sun_elf",,,,,,,,,,,,,,,,,,,1,1,,,"TRUE","TRUE",,,,,,,,,,,,,,"ground",,,,,,
"leader_kapuni","free","fairy",,,,,,,,,,,,,,,,,,100,1,1,,,"TRUE","TRUE","TRUE",,,,,,,,,,,,,"ground",,,,,"invincible",
"leader_kapuni_conductor","free","fairy",,,,,,,,,,,,,,,,,,,1,1,,,"TRUE","TRUE","TRUE",,,,,,,,,,,,,"ground",,,,,"invincible",
"leader_kaweina","desert","moon_elf",,,,,,,,,,,,,,,,,,,1,1,,,"TRUE","TRUE",,,,,,,,,,,,,,"ground",,,,,,
"leader_kaweina_hard","desert","moon_elf",,,,,,,,,,,,,,,,,,,1,1,,,"TRUE","TRUE",,,,,,,,,,,,,,"ground",,,,,,"harder_dance_move,_focus_on_offence"
"leader_kaweina_soft","desert","moon_elf",,,,,,,,,,,,,,,,,,,1,1,,,"TRUE","TRUE",,,,,,,,,,,,,,"ground",,,,,,"softer_dance_move,_focus_on_defence"
"leader_kelwy","small","vertkin",1700,60,14,28,64,,0.25,,0.25,-0.5,,,,,,,,80,1,1,2,,"TRUE","TRUE",,,2,7,4,2,6,2,8,8,,,,"ground","light_range","range",330,,,
"leader_kelwy_blaster","small","vertkin",2000,45,41,40,82,0.25,0.25,0.25,0.25,-0.5,,,,,,,,160,1,1,1,,"TRUE","TRUE",,"strategy_steady_advance",5,7,6,3,4,3,8,8,,,"slow,fear","ground","medium_range","mix",380,,,
"leader_kelwy_sharpshooter","small","vertkin",1500,95,7,15,30,,,,0.25,-0.5,,,,,,,,80,1,1,4,,"TRUE","TRUE",,"strategy_static_mastery",2,7,3,1,8,1,8,8,,,,"ground","light_range","range",400,,,
"leader_kifid","marsh","goblin",,,,,,,,,,,,,,,,,,,1,1,,,"TRUE","TRUE",,"strategy_precise_execution",,,,,,,,,,,,"ground",,,,,,"no_upgrade"
"leader_king","castle","human",,,,,,,,,,,,,,,,,,,1,1,,,"TRUE","TRUE","TRUE",,,,,,,,,,,,,"ground","support","idle",,,"invincible","no_upgrade"
"leader_kirnharl","port","human",,,,,,,,,,,,,,,,,,,1,1,,,"TRUE","TRUE",,,,,,,,,,,,,,"ground",,,,,,
"leader_kirnharl_grown_branch","port","human",,,,,,,,,,,,,,,,,,,1,1,,,"TRUE","TRUE",,,,,,,,,,,,,,"ground",,,,,,
"leader_kumaisheh","desert","vertkin",,,,,,,,,,,,,,,,,,,1,1,,,"TRUE","TRUE",,,,,,,,,,,,,,"ground",,,,,,
"leader_kumaisheh_boomboom","desert","vertkin",,,,,,,,,,,,,,,,,,,1,1,,,"TRUE","TRUE",,"strategy_great_destruction",,,,,,,,,,,,"ground",,,,,,
"leader_kutip'aeh","free","hobgoblin",,,,,,,,,,,,,,,,,,,1,1,,,"TRUE","TRUE",,"strategy_betrayal",,,,,,,,,,,,"ground",,,,,,
"leader_kutip'aeh_packed","free","hobgoblin",,,,,,,,,,,,,,,,,,,1,1,,,"TRUE","TRUE",,"strategy_bribery_betrayal",,,,,,,,,,,,"ground",,,,,,"more_support_moveset"
"leader_laggail","death","undead",,,,,,,,,,,,,,,,,,,1,1,,,"TRUE","TRUE",,"spell_decay",,,,,,,,,,,,"ground",,,,,,
"leader_laggail_dark","death","undead",,,,,,,,,,,,,,,,,,,1,1,,,"TRUE","TRUE",,"strategy_undead_plague",,,,,,,,,,,,"ground",,,,,,"dread_princess"
"leader_laggail_golden","death","undead",,,,,,,,,,,,,,,,,,,1,1,,,"TRUE","TRUE",,"strategy_paragon_providence",,,,,,,,,,,,"ground",,,,,,"golden_glory_princess"
"leader_laguasangte","marsh","unknown",3600,50,50,50,10,,,,,,,,,,,,,,1,1,,,"TRUE","TRUE",,"strategy_defiance",,,,,,,,,,,,"ground",,,,,,
"leader_laguasangte_strengthen","marsh","unknown",,,,,,,,,,,,,,,,,,,1,1,,,"TRUE","TRUE",,"strategy_absolute_might",,,,,,,,,,,,"ground",,,,,,
"leader_lamorkul","demon","dragon",,,,,,,,,,,,,,,,,,,1,1,,,"TRUE","TRUE",,"strategy_great_destruction",,,,,,,,,,,,"ground",,,,,,"no_upgrade"
"leader_lanslina","mountain","moon_elf",,,,,,,,,,,,,,,,,,,1,1,,,"TRUE","TRUE",,,,,,,,,,,,,,"ground",,,,,,
"leader_lanslina_inner","mountain","moon_elf",,,,,,,,,,,,,,,,,,,1,1,,,"TRUE","TRUE",,,,,,,,,,,,,,"ground",,,,,,"self_buff"
"leader_lanslina_outer","mountain","moon_elf",,,,,,,,,,,,,,,,,,,1,1,,,"TRUE","TRUE",,"strategy_arcane_blossom",,,,,,,,,,,,"ground",,,,,,"add_melee_aoe_moveset"
"leader_lepgusd","marsh","hobgoblin",,,,,,,,,,,,,,,,,,,1,1,,,"TRUE","TRUE",,,,,,,,,,,,,,"ground",,,,,,
"leader_lepgusd_gooder","marsh","hobgoblin",,,,,,,,,,,,,,,,,,,1,1,,,"TRUE","TRUE",,,,,,,,,,,,,,"ground",,,,,,
"leader_lesenyre","highland","human",,,,,,,,,,,,,,,,,,,1,1,,,"TRUE","TRUE",,"strategy_discipline",,,,,,,,,,,,"ground","light_melee",,,,,"can_hold"
"leader_lesenyre_master","highland","human",,,,,,,,,,,,,,,,,,,1,1,,,"TRUE","TRUE",,"strategy_finest_mastery",,,,,,,,,,,,"ground",,,,,,"can_hold"
"leader_littleboy","demon","human",,,,,,,,,,,,,,,,,,,1,1,,,"TRUE","TRUE",,"spell_meteor",,,,,,,,,,,,"ground","support","range",,,,"no_upgrade"
"leader_littlegirl","demon","demon",,,,,,,,,,,,,,,,,,,1,1,,,"TRUE","TRUE",,"spell_blizzard",,,,,,,,,,,,"ground","support","range",,,,"no_upgrade"
"leader_lohgehh","marsh","goblin",,,,,,,,,,,,,,,,,,,1,1,,,"TRUE","TRUE",,"strategy_crisis_measurement",,,,,,,,,,,,"ground",,,,,,"no_upgrade"
"leader_lohvroh","mountain","dwarf",,,,,,,,,,,,,,,,,,,1,1,,,"TRUE","TRUE","TRUE",,,,,,,,,,,,,"ground",,,,,"invincible","no_upgrade"
"leader_lukukpo","marsh","goblin",,,,,,,,,,,,,,,,,,,1,1,,,"TRUE","TRUE",,"strategy_incite_panic",,,,,,,,,,,,"ground",,,,,,
"leader_lukukpo_air","marsh","goblin",,,,,,,,,,,,,,,,,,,1,1,,,"TRUE","TRUE",,,,,,,,,,,,,,"ground",,,,,,"add_high_jump_move"
"leader_mahunsijee","marsh","lizard",,,,,,,,,,,,,,,,,,,1,1,,,"TRUE","TRUE",,,,,,,,,,,,,,"ground",,,,,,
"leader_mahunsijee_challenger","marsh","lizard",,,,,,,,,,,,,,,,,,,1,1,,,"TRUE","TRUE",,,,,,,,,,,,,,"ground",,,,,,"add_mark_skill"
"leader_mashalue","wood","moon_elf",,,,,,,,,,,,,,,,,,,1,1,,,"TRUE","TRUE",,"weather_sun",,,,,,,,,,,,"ground",,,,,,
"leader_mashalue_tree","wood","moon_elf",,,,,,,,,,,,,,,,,,,1,1,,,"TRUE","TRUE",,"weather_sun",,,,,,,,,,,,"ground",,,,,,"summon_tree_unit"
"leader_mcpubba","highland","fairy",,,,,,,,,,,,,,,,,,,1,1,,,"TRUE","TRUE",,,,,,,,,,,,,,"ground",,,,,,
"leader_mcpubba_jinx","highland","fairy",,,,,,,,,,,,,,,,,,,1,1,,,"TRUE","TRUE",,"spell_mass_curse",,,,,,,,,,,,"ground",,,,,,"debuff_focus"
"leader_mcpubba_luck","highland","fairy",,,,,,,,,,,,,,,,,,,1,1,,,"TRUE","TRUE",,,,,,,,,,,,,,"ground",,,,,,"buff_focus"
"leader_mengkja","barren","human",,,,,,,,,,,,,,,,,,,1,1,,,"TRUE","TRUE",,,,,,,,,,,,,,"ground",,,,,,
"leader_mengkja_orb","barren","human",,,,,,,,,,,,,,,,,,,1,1,,,"TRUE","TRUE",,"strategy_miracle_fortuity",,,,,,,,,,,,"ground",,,,,,
"leader_mengkja_scepter","barren","human",,,,,,,,,,,,,,,,,,,1,1,,,"TRUE","TRUE",,"strategy_establish_control",,,,,,,,,,,,"ground",,,,,,
"leader_minara","mountain","dwarf",1850,75,16,18,17,0.25,0.25,0.25,0.25,,,,-0.25,0.5,,500,,160,1,1,,,"TRUE","TRUE",,"strategy_static_mastery",2,6,4,1,7,2,2,5,,,,"ground","siege","range",,,,
"leader_minara_bombard","mountain","dwarf",,,,,,,,,,,,,,,,,,,1,1,,,"TRUE","TRUE",,"strategy_static_mastery",,,,,,,,,,,,"ground","siege","range",,,,"change_movset_to_full_arc_for_aoe/multishot"
"leader_minara_direct","mountain","dwarf",,,,,,,,,,,,,,,,,,,1,1,,,"TRUE","TRUE",,"strategy_static_mastery",,,,,,,,,,,,"ground",,"range",,,,"improve_direct_shot_moveset"
"leader_monnirl","castle","human",3500,55,33,38,90,0.5,,0.25,,-0.25,-0.25,,0.25,0.5,1800,330,200,170,1,1,2,,"TRUE","TRUE",,"strategy_clarity",7,7,6,5,3,2,5,7,,,,"ground","support","range",380,"TRUE","no_run",
"leader_monnirl_saint","castle","human",6000,90,71,60,95,,,,,,,,,,,,,,1,1,,,"TRUE","TRUE",,"strategy_divine_purity",9,7,6,6,2,2,4,4,,,,"ground","heavy_melee","melee",1200,,,"combat_focus"
"leader_motdasis","port","gremlin",,,,,,,,,,,,,,,,,,,1,1,,,"TRUE","TRUE",,"spell_airburst_huge",,,,,,,,,,,,"ground",,,,,,"no_upgrade"
"leader_motji'aa","marsh","goblin",,,,,,,,,,,,,,,,,,,1,1,,,"TRUE","TRUE",,"weather_cloud",,,,,,,,,,,,"ground",,,,,,
"leader_motji'aa_sky","marsh","goblin",,,,,,,,,,,,,,,,,,,1,1,,,"TRUE","TRUE",,"weather_storm",,,,,,,,,,,,"ground",,,,,,
"leader_motji'aa_water","marsh","goblin",,,,,,,,,,,,,,,,,,,1,1,,,"TRUE","TRUE",,"weather_wet_fog",,,,,,,,,,,,"ground",,,,,,
"leader_mounniley","death","human",6500,89,81,62,93,0.25,0.25,0.25,0.25,0.25,0.25,0.25,0.25,0.5,,,,,1,1,,,"TRUE","TRUE",,"strategy_age_of_heroes",7,9,10,,,,,,,,"fear,terror","ground","medium_melee","melee",1250,,,"no_upgrade"
"leader_mratarvir","free","undead",,,,,,,,,,,,,,,,,,,1,1,,,"TRUE","TRUE",,"strategy_determination",,,,,,,,,,,,"ground",,,,,,
"leader_mratarvir_revenger","free","undead",,,,,,,,,,,,,,,,,,,1,1,,,"TRUE","TRUE",,"strategy_precise_execution",,,,,,,,,,,,"ground",,,,,,
"leader_nadvalin","small","construct",3200,67,40,38,16,0.5,-0.5,0.75,0.75,0.25,-0.25,0.25,,0.75,,390,,300,1,1,,,"TRUE","TRUE",,"strategy_absolute_might",6,7,5,4,3,3,5,9,,,,"ground","medium_melee","melee",670,"TRUE",,
"leader_nadvalin_upgrade","small","construct",8600,75,70,46,40,0.75,-0.5,0.75,0.75,0.5,-0.25,0.25,,0.75,,500,,400,,,,,"TRUE","TRUE",,"strategy_absolute_might",7,8,6,,,,,,,,,"ground","medium_melee","melee",900,,,
"leader_nalana","small","sun_elf",2200,18,34,65,42,-0.25,0.25,0.25,-1,0.75,0.5,0.5,0.75,-0.25,,300,,,1,1,,,"TRUE","TRUE",,"weather_rain",1,7,5,,,,,,,,,"ground","support","range",,,,
"leader_nalana_beauty","small","sun_elf",,,,,,,,,,,,,,,,,,,1,1,,,"TRUE","TRUE",,"weather_rain",,,,,,,,,,,,"ground","support","range",,,,
"leader_nalana_thorn","small","sun_elf",,,,,,,,,,,,,,,,,,,1,1,,,"TRUE","TRUE",,"strategy_natural_chaos",,,,,,,,,,,,"ground","support","melee",,,,
"leader_nalluqqeiyt","demon","demon",,,,,,,,,,,,,,,,,,,1,1,,,"TRUE","TRUE",,"strategy_cowardice",,,,,,,,,,,,"ground",,,,,,"no_upgrade"
"leader_nass","port","halfling",,,,,,,,,,,,,,,,,,,1,1,,,"TRUE","TRUE",,"strategy_great_resistance",,,,,,,,,,,,"ground",,,,,,
"leader_nass_diplomat","port","halfling",,,,,,,,,,,,,,,,,,,1,1,,,"TRUE","TRUE",,,,,,,,,,,,,,"ground",,,,,,
"leader_nayedien","castle","sun_elf",3600,42,90,70,13,,,,0.25,,0.25,,0.25,-0.5,,360,,160,1,1,,,"TRUE","TRUE",,"strategy_loyalty",4,8,6,6,2,2,6,4,,,,"ground","light_melee","melee",600,"TRUE",,
"leader_nayedien_queen","castle","sun_elf",5250,30,80,82,60,,,,,,0.5,,0.5,-0.5,,450,,300,1,1,,,"TRUE","TRUE",,"strategy_majesty",5,9,9,,,,,,,,,"ground","support",,,,,"strategy/leader_focus,_no_more_attack_move"
"leader_nayedien_transcendental","castle","sun_elf",,,,,,,,,,,,,,,,,,,1,1,,,"TRUE","TRUE",,"strategy_great_enlightenment",,,,,,,,,,,,"ground","light_melee",,,,,"combat_focus"
"leader_negkoi","death","orc",,,,,,,,,,,,,,,,,,,1,1,,,"TRUE","TRUE",,"strategy_entrap",,,,,,,,,,,,"ground",,,,,,"no_upgrade"
"leader_noxbox_201","doll","construct",4000,50,25,20,15,0.75,-0.5,0.5,0.5,-0.25,-0.25,0.5,0.5,0.75,250,440,,200,1,1,4,,"TRUE","TRUE",,"spell_magic_domain",4,3,3,3,6,1,7,5,,,,"ground","support","range",500,"TRUE",,"no_upgrade"
"leader_nraesier","free","human",1360,38,84,60,18,,0.25,0.5,,,0.25,,,0.5,2300,360,,100,1,1,0.5,,"TRUE","TRUE",,"strategy_pathfinding",4,7,8,2,4,4,6,5,,,,"ground","light_range","range",390,"TRUE",,
"leader_nraesier_spymaster","free","human",1730,,97,,35,,,,,,,,,,,400,,,1,1,,,"TRUE","TRUE",,"strategy_web_of_deception",,,,1,5,4,9,8,,,,"ground","support",,,,,
"leader_oanogoht","free","dwarf",,,,,,,,,,,,,,,,,,,1,1,,,"TRUE","TRUE",,"strategy_ensnare",,,,,,,,,,,,"ground",,,,,,"duo_with_vellese,_no_upgrade"
"leader_olsilin","small","fairy",100,,,65,13,,,,,,,,,,1500,500,5,5,1,1,,,"TRUE","TRUE","TRUE","spell_flash",2,8,9,,,,,,,,,"ground","support","melee",150,"TRUE","invincible","no_upgrade"
"leader_oodoo","mountain","construct",,,,,,,,,,,,,,,,,,,1,1,,,"TRUE","TRUE",,"spell_earth_wall",,,,,,,,,,,,"ground",,,,,,"no_upgrade"
"leader_orsanoas","highland","human",5200,86,48,23,40,0.25,0.5,,,-0.25,0.25,0.25,-0.25,0.25,,260,,250,1,1,1,,"TRUE","TRUE",,"strategy_bravery",8,3,2,6,2,2,2,3,,,,"ground","medium_melee","melee",,,,
"leader_orsanoas_bard","highland","human",5000,,,,,,,,,,,,,,,,,,1,1,,,"TRUE","TRUE",,,,,,,,,,,,,,"ground",,,,,,
"leader_orsanoas_warrior","highland","human",6200,,,,,,,,,,,,,,,,,,1,1,,,"TRUE","TRUE",,"strategy_great_taunt",,,,,,,,,,,,"ground",,,,,,
"leader_ozna","highland","dwarf",3600,68,52,15,40,0.25,0.5,,0.25,,0.25,0.5,0.25,0.5,,,,210,1,1,,,"TRUE","TRUE",,"strategy_defiance",6,4,3,,,,,,,,,"ground","heavy_melee","melee",,,,
"leader_ozna_buddy","highland","dwarf",,,,,,,,,,,,,,,,,,,1,1,,,"TRUE","TRUE",,,,,,,,,,,,,,"ground",,,,,,"dwarf_summon"
"leader_ozna_teammate","highland","dwarf",,,,,,,,,,,,,,,,,,,1,1,,,"TRUE","TRUE",,,,,,,,,,,,,,"ground",,,,,,"hafling_summon"
"leader_pakakvadi","great","moon_elf",,,,,,,,,,,,,,,,,,,1,1,,,"TRUE","TRUE",,"strategy_great_enlightenment",,,,,,,,,,,,"ground",,,,,,"no_upgrade"
"leader_pao_la_sin","barren","troll",,,,,,,,,,,,,,,,,,,1,1,,,"TRUE","TRUE",,"strategy_incite_panic",,,,,,,,,,,,"ground",,,,,,"no_upgrade"
"leader_parna","free","human",,,,,,,,,,,,,,,,,,,1,1,1.5,,"TRUE","TRUE",,"strategy_great_manoeuvrer",,,,,,,,,,,,"ground",,,,,,
"leader_parna_resolute","free","human",,,,,,,,,,,,,,,,,,,1,1,,,"TRUE","TRUE",,"strategy_escalation_of_conflict",,,,,,,,,,,,"ground",,,,,,
"leader_pasgelo","great","sun_elf",2000,58,34,35,22,0.5,,0.25,,0.25,,-0.25,0.5,-0.25,,,,100,1,1,,,"TRUE","TRUE",,,,,,,,,,,,,,"ground",,,,,,
"leader_pasgelo_champion","great","sun_elf",3000,56,71,38,25,0.75,,0.25,0.25,,,-0.25,0.5,-0.5,,,,200,1,1,,,"TRUE","TRUE",,,,,,,,,,,,,,"ground",,,,,,
"leader_peltino","wood","fairy",950,80,42,73,94,0.75,-0.25,0.75,-0.25,0.25,0.5,,0.75,0.5,,,,90,1,1,,,"TRUE","TRUE",,"spell_magic_bolts",3,9,8,,,,,,,,,"ground","support","range",,,,
"leader_peltino_power","wood","fairy",,,,,,,,,,,,,,,,,,,1,1,,,"TRUE","TRUE",,,,,,,,,,,,,,"ground",,,,,,
"leader_peva","port","halfling",,,,,,,,,,,,,,,,,,,1,1,,,"TRUE","TRUE",,,,,,,,,,,,,,"ground",,,,,,
"leader_peva_missionary","port","halfling",,,,,,,,,,,,,,,,,,,1,1,,,"TRUE","TRUE",,,,,,,,,,,,,,"ground",,,,,,
"leader_qeunci","wood","satyr",,,,,,,,,,,,,,,,,,,1,1,,,"TRUE","TRUE",,"spell_mass_confuse",,,,,,,,,,,,"ground",,,,,,"no_upgrade"
"leader_quivenly","castle","human",3000,30,40,46,76,-0.25,,,-0.25,,,,0.25,0.5,1100,270,180,100,1,1,2,,"TRUE","TRUE",,"strategy_miracle_fortuity",2,6,3,4,4,1,4,8,,,,"ground","support","range",340,,,
"leader_quivenly_healer","castle","human",,,,,,,,,,,,,,,,,,,1,1,,,"TRUE","TRUE",,"strategy_salvation",,,,,,,,,,,,"ground",,,,,,"focus_on_heal"
"leader_quivenly_sister","castle","human",,,,,,,,,,,,,,,,,,,1,1,,,"TRUE","TRUE",,"strategy_purification",,,,,,,,,,,,"ground",,,,,,"focus_on_buff"
"leader_remance","free","human",,,,,,,,,,,,,,,,,,,1,1,1,,"TRUE","TRUE",,"strategy_great_assault",,,,,,,,,,,,"ground",,,,,,
"leader_remance_malabel","free","human",,,,,,,,,,,,,,,,,,,1,1,,,"TRUE","TRUE",,,,,,,,,,,,,,"ground",,,,,,
"leader_rinini","death","goblin",,,,,,,,,,,,,,,,,,,1,1,,,"TRUE","TRUE",,"spell_firewall",,,,,,,,,,,,"ground",,,,,,"no_upgrade"
"leader_rodhinbar","desert","human",2100,71,38,46,67,-0.25,,0.25,,0.25,0.25,,0.25,,1800,360,,160,1,1,,,"TRUE","TRUE",,"strategy_great_manoeuvrer",5,5,5,2,5,4,2,2,,,,"ground","light_range","range",,,,
"leader_rodhinbar_emissary","desert","human",2600,,,,,,,,,,,,,,,,,,1,1,,,"TRUE","TRUE",,,,,,,,,,3,,,,"ground",,"range",,,,
"leader_rodhinbar_warlord","desert","human",3700,73,51,95,90,,,0.25,,0.25,0.25,,0.25,,,,,230,1,1,,,"TRUE","TRUE",,"strategy_escalation_of_conflict",8,7,9,,,,,6,,,,"ground","light_cavalry","melee",,,,
"leader_rulmtae","demon","demon",,,,,,,,,,,,,,,,,,,1,1,,,"TRUE","TRUE",,"strategy_master_plan_initiative",,,,,,,,,,,,"ground",,,,,,"no_upgrade"
"leader_salansan","mountain","moon_elf",,,,,,,,,,,,,,,,,,,1,1,,,"TRUE","TRUE",,"strategy_defiance",,,,,,,,,,,,"ground",,,,,,
"leader_salansan_blood","mountain","moon_elf",,,,,,,,,,,,,,,,,,,1,1,,,"TRUE","TRUE",,,,,,,,,,,,,,"ground",,,,,,"change_to_spell_mage"
"leader_salansan_rune","mountain","moon_elf",,,,,,,,,,,,,,,,,,,1,1,,,"TRUE","TRUE",,,,,,,,,,,,,,"ground",,,,,,"improve_combat,_add_range_moveset"
"leader_saltun","desert","human",,,,,,,,,,,,,,,,,,,1,1,,,"TRUE","TRUE",,,,,,,,,,8,,,,"ground",,,,,,
"leader_saltun_charity","desert","human",,,,,,,,,,,,,,,,,,,1,1,,,"TRUE","TRUE",,"strategy_triumphant_of_the_worthy",,,,,,,,,,,,"ground",,,,,,
"leader_saltun_greed","desert","human",,,,,,,,,,,,,,,,,,,1,1,,,"TRUE","TRUE",,"strategy_greed",,,,,,,,,,,,"ground",,,,,,
"leader_sapianou","demon","demon",,,,,,,,,,,,,,,,,,,1,1,,,"TRUE","TRUE",,"strategy_inevitable_end",,,,,,,,,,,,"ground",,,,,,"no_upgrade"
"leader_savalorse","castle","human",4000,32,3,9,70,,-0.25,0.5,-0.5,,0.5,,,,3000,500,400,400,1,1,,,"TRUE","TRUE",,"strategy_ingenuity",3,9,7,2,6,2,8,7,,,,"ground","siege","range",650,"TRUE","no_forced_move",
"leader_savalorse_aoe","castle","human",,,,,,,,,,,,,,,,,,,1,1,,,"TRUE","TRUE",,"strategy_ingenuity",,,,,,,,,,,,"ground",,,,,,"add_aoe_shot"
"leader_savalorse_single","castle","human",,,,,,,,,,,,,,,,,,,1,1,,,"TRUE","TRUE",,"strategy_ingenuity",,,,,,,,,,,,"ground",,,,,,"add_very_strong_shot"
"leader_semeyawa","barren","giant",,,,,,,,,,,,,,,,,,,1,1,,,"TRUE","TRUE",,"spell_water_domain",,,,,,,,,,,,"ground",,,,,,"no_upgrade"
"leader_shedna","wood","dryad",,,,,,,,,,,,,,,,,,,1,1,,,"TRUE","TRUE",,"strategy_insight_echo",,,,,,,,,,,,"ground",,,,,,"no_upgrade"
"leader_shumeyu","highland","housekin",,,,,,,,,,,,,,,,,,,1,1,,,"TRUE","TRUE",,"strategy_defiance",,,,,,,,,,,,"ground",,,,,,
"leader_shumeyu_flock","highland","housekin",,,,,,,,,,,,,,,,,,,1,1,,,"TRUE","TRUE",,"strategy_on_the_defensive",,,,,,,,,,,,"ground",,,,,,"summon_sheep_pike"
"leader_sino","port","halfling",,,,,,,,,,,,,,,,,,,1,1,,,"TRUE","TRUE",,"spell_cold_air",,,,,,,,,,,,"ground",,,,,,
"leader_sino_sorrowblade","port","halfling",,,,,,,,,,,,,,,,,,,1,1,,,"TRUE","TRUE",,"spell_ice_pillar",,,,,,,,,,,,"ground",,,,,,
"leader_soheh","port","halfling",,,,,,,,,,,,,,,,,,,1,1,,,"TRUE","TRUE",,"spell_poison_domain",,,,,,,,,,,,"ground",,,,,,
"leader_soheh_fume","port","halfling",,,,,,,,,,,,,,,,,,,1,1,,,"TRUE","TRUE",,"spell_poison_domain",,,,,,,,,,,,"ground",,,,,,"add_strong_debuff"
"leader_sonagsha","free","human",,,,,,,,,,,,,,,,,,,1,1,,,"TRUE","TRUE",,"strategy_terror",,,,,,,,,,,,"ground",,"range",,,,
"leader_sonagsha_establish","free","human",,,,,,,,,,,,,,,,,,,1,1,,,"TRUE","TRUE",,"strategy_will_domination",,,,,,,,,,,,"ground",,"melee",,,,
"leader_taladamun","doll","human",2200,50,5,40,27,0.75,0.75,0.75,0.5,0.5,0.5,0.5,,0.75,1000,150,200,10,1,1,,,"TRUE","TRUE",,,5,8,4,3,4,3,10,6,,,,"ground","light_melee","melee",470,,"no_forced_move",
"leader_taladamun_mirror","doll","human",,,,,,,,,,,,,,,,,,,1,1,,,"TRUE","TRUE",,"spell_taladamun_mirror",,,,,,,,,,,,"ground",,,,,"no_forced_move","can_summon_a_copy_of_himself"
"leader_taladamun_smoke","doll","human",,,,,,,,,,,,,,,,,,,1,1,,,"TRUE","TRUE",,"spell_smoke",,,,,,,,,,,,"ground",,,,,"no_forced_move","invisible_group"
"leader_tehcu","barren","orc",,,,,,,,,,,,,,,,,,,1,1,,,"TRUE","TRUE",,"strategy_god_of_war",,,,,,,,,,,,"ground",,"melee",,,,
"leader_tehcu_demon","barren","orc",,,,,,,,,,,,,,,,,,,1,1,,,"TRUE","TRUE",,"strategy_god_of_war",,,,,,,,,,,,"ground",,"melee",,,,"debuff_focus"
"leader_tehcu_hero","barren","orc",,,,,,,,,,,,,,,,,,,1,1,,,"TRUE","TRUE",,"strategy_god_of_war",,,,,,,,,,,,"ground",,"melee",,,,"buff_focus"
"leader_tensimpho","doll","undead",3100,76,91,30,70,-0.25,-1,0.5,0.25,0.25,0.5,-0.75,0.5,0.75,100,200,50,165,1,1,,,"TRUE","TRUE",,"spell_mass_slow",5,10,3,4,3,3,9,10,,,,"ground","light_melee","melee",390,,,"no_upgrade"
"leader_tolhhunn","demon","demon",,,,,,,,,,,,,,,,,,,1,1,,,"TRUE","TRUE",,"strategy_chaos_invasion",,,,,,,,,,,,"ground",,,,,,"no_upgrade"
"leader_tolzarnkan","demon","demon",,,,,,,,,,,,,,,,,,,1,1,,,"TRUE","TRUE",,"strategy_gate_of_hell",,,,,,,,,,,,"ground",,,,,,"no_upgrade"
"leader_tulia","castle","human",1500,64,35,50,52,,0.25,,,,0.25,0.25,,,1200,380,170,130,1,1,2,,"TRUE","TRUE",,"strategy_ensnare",5,6,6,2,6,2,2,6,,,,"ground","light_range","range",300,"TRUE",,
"leader_tulia_ambusher","castle","human",,,,,,,,,,,,,,,,,,,1,1,,,"TRUE","TRUE",,,,,,,,,,,,,,"ground","light_range","range",,,,
"leader_tulia_tracker","castle","human",,,,,,,,,,,,,,,,,,,1,1,,,"TRUE","TRUE",,"strategy_pathfinding",,,,,,,,,,,,"ground","light_range","range",,,,
"leader_tuojesa","marsh","lizard",,,,,,,,,,,,,,,,,,,1,1,,,"TRUE","TRUE",,"strategy_lure",,,,,,,,,,,,"ground",,,,,,
"leader_tuojesa_ambush","marsh","lizard",,,,,,,,,,,,,,,,,,,1,1,,,"TRUE","TRUE",,"strategy_great_taunt",,,,,,,,,,,,"ground",,,,,,"faster_trap"
"leader_tuojesa_prepare","marsh","lizard",,,,,,,,,,,,,,,,,,,1,1,,,"TRUE","TRUE",,,,,,,,,,,,,,"ground",,,,,,"more_multi_traps"
"leader_unsi_ed","free","human",,,,,,,,,,,,,,,,500,,,1,1,,,"TRUE","TRUE",,,6,5,4,2,7,1,3,8,,,,"ground","medium_range","range",,,,
"leader_unsi_ed_grown","free","human",,,,,,,,,,,,,,,,,,,1,1,,,"TRUE","TRUE",,,3,8,7,3,5,2,6,5,,,,"ground",,,,,,
"leader_vanmaggas","port","gremlin",,,,,,,,,,,,,,,,,,,1,1,,,"TRUE","TRUE",,"spell_stone_rain",,,,,,,,,,,,"ground",,,,,,
"leader_vanmaggas_steam","port","gremlin",,,,,,,,,,,,,,,,,,,1,1,,,"TRUE","TRUE",,"spell_huge_stone",,,,,,,,,,,,"ground",,,,,,
"leader_vasla","small","human",1600,10,42,68,2,-0.25,0.25,-0.25,,0.25,0.25,,0.25,0.5,250,180,30,140,1,1,0.5,,"TRUE","TRUE",,"strategy_coward's_conviction",1,8,6,2,4,4,3,5,,,,"ground","support","range",180,"TRUE",,
"leader_vasla_eagle","small","human",,,,,,,,,,,,,,,,,,,1,1,,,"TRUE","TRUE",,"strategy_coward's_conviction",3,8,8,2,4,4,10,6,,,,"ground","support","range",,,,"summon_eagle_dive_bomb"
"leader_vasla_rabbit","small","human",,,,,,,,,,,,,,,,,,,1,1,,,"TRUE","TRUE",,"strategy_coward's_conviction",2,8,7,5,3,2,3,6,,,,"ground","support","range",,,,"summon_rabbit"
"leader_verlindas","doll","sun_elf",2200,42,64,76,35,0.25,-0.25,0.5,0.25,-0.5,-0.25,0.25,0.75,-0.75,1400,100,250,145,1,1,0.1,,"TRUE","TRUE",,"strategy_false_idle",3,5,8,3,5,2,8,4,,,,"ground","light_range","range",380,"TRUE",,
"leader_verlindas_blue_moon","doll","sun_elf",,,,,,,,,,,,,,,,,,,1,1,,,"TRUE","TRUE",,,,,,,,,,,,,,"ground",,,,,,
"leader_verlindas_red_sun","doll","sun_elf",,,,,,,,,,,,,,,,,,,1,1,,,"TRUE","TRUE",,,,,,,,,,,,,,"ground",,,,,,
"leader_vok","barren","orc",,,,,,,,,,,,,,,,,,,1,1,,,"TRUE","TRUE",,"strategy_dread_fury",,,,7,2,1,1,2,,,,"ground","heavy_melee","melee",,,,
"leader_vok_furier","barren","orc",,,,,,,,,,,,,,,,,,,1,1,,,"TRUE","TRUE",,"strategy_dread_fury",,,,9,0,1,1,2,,,,"ground","heavy_melee","melee",,,,"even_more_combat,_even_lower_lead"
"leader_vok_fury","barren","orc",,,,,,,,,,,,,,,,,,,1,1,,,"TRUE","TRUE",,"strategy_dread_fury",,,,8,1,1,1,2,,,,"ground","heavy_melee","melee",,,,"more_combat,_lower_lead"
"leader_vraesier","free","human",4500,71,52,44,19,0.25,,0.5,-0.25,,-0.5,,0.25,0.25,2600,280,200,180,1,1,1.5,,"TRUE","TRUE",,"strategy_discipline",7,5,3,7,1,2,1,3,,,,"ground","medium_melee","melee",460,"TRUE",,
"leader_demoness","free","demon",7500,94,35,83,5,0.25,0.5,,0.5,0.5,,,,0.5,8000,500,,600,1,1,0.5,,"TRUE","TRUE",,"strategy_dread_fury",10,2,2,8,1,1,1,1,,,"fear,terror","ground","heavy_melee","melee",1000,,,
"leader_vraesier_lady","free","human",6000,70,79,65,56,0.5,,0.5,-0.25,,-0.5,,0.25,0.25,5500,,,455,1,1,,,"TRUE","TRUE",,"strategy_justice",5,7,7,4,2,4,2,8,,,,"ground","heavy_cavalry","melee",850,,,
"leader_vurus","castle","human",3700,24,71,64,95,,,,,0.25,,0.25,,,4000,400,350,255,1,1,3,,"TRUE","TRUE",,"strategy_brilliance",5,10,10,3,3,4,4,7,,,"confuse","ground","heavy_cavalry","melee",570,"TRUE",,
"leader_vurus_old","castle","human",3000,12,50,60,86,,-0.5,-0.25,,,,,,,4000,450,300,235,1,1,,,"TRUE","TRUE",,"strategy_brilliance",5,10,7,3,3,4,4,7,,,,"ground","medium_melee","melee",,,,
"leader_yuawies","small","dryad",2800,25,46,55,70,-0.25,0.25,0.25,-0.5,0.5,,0.5,,-0.25,800,230,50,96,1,1,2,,"TRUE","TRUE",,"strategy_lure",2,7,3,3,5,2,2,3,,,,"ground","support","range",340,"TRUE",,
"leader_yuawies_salt","small","dryad",3500,42,53,67,64,0.25,,0.25,-0.25,0.25,,0.5,,,,,,,1,1,,,"TRUE","TRUE",,,,,,,,,,,,,,"ground",,,,,,"better_combat"
"leader_yuawies_sweet","small","dryad",3000,30,72,37,90,,0.25,0.5,-0.5,0.5,,0.5,,,,,,148,1,1,,,"TRUE","TRUE",,,1,9,10,,,,,,,,,"ground",,,,,,"better_strategy/leader"
"leader_zakalanirn","mountain","dwarf",,,,,,,,,,,,,,,,,,,1,1,,,"TRUE","TRUE",,"spell_earth_eruption",,,,,,,,,,,,"ground",,,,,,
"leader_zakalanirn_champion","mountain","dwarf",,,,,,,,,,,,,,,,,,,1,1,,,,,,,,,,,,,,,,,,"ground",,,,,,
"marsh_goblin_air_big_bird","marsh","goblin",200,,,60,,,,,,,,,,,,,,,,,,,,,,,,,,,,,,,,,,"air","interceptor","interceptor",,,"no_forced_move",
"marsh_goblin_blowdart","marsh","goblin",100,,3,43,,,,,,,,,,,,,,,,24,,,,,,,,,,,,,,,,,,"ground","light_range","range",,,,
"marsh_goblin_knife","marsh","goblin",200,,10,28,,,,,,,,,,,,,,,,28,,,,,,,,,,,,,,,,,,"ground","light_melee","melee",,,,
"marsh_goblin_leader_fire_brewer","marsh","goblin",450,,13,2,,,,,,,,,,,,,,,,,,,"TRUE",,,,,,,,,,,,,,,"ground","medium_range","melee",,,,
"marsh_goblin_leader_scorpion","marsh","goblin",950,,,,,,,,,,,,,,,,,,,,,,"TRUE",,,,,,,,,,,,,,,"ground","medium_cavalry","melee",,,,
"marsh_goblin_pyramid","marsh","construct",4000,,,,,,,,,,,,,,,,,,,,,,,,,,,,,,,,,,,,,"ground","structure","idle",,,,
"marsh_goblin_pyramid_blight_thrower","marsh","goblin",250,,,,,,,,,,,,,,,,,,,,,,,,,,,,,,,,,,,,,"ground","sub","trap",,,,
"marsh_goblin_tortoise_cav","marsh","goblin",860,,,25,,,,,,,,,,,,,,,,3,,,,,,,,,,,,,,,,,,"ground","heavy_cavalry","melee",,,,
"marsh_goblin_witchdoctor","marsh","goblin",100,,3,19,,,,,,,,,,,,,,,,2,,,,,,,,,,,,,,,,,,"ground","support","range",,,,
"marsh_goblin_wolf_cav","marsh","goblin",260,,,60,,,,,,,,,,,,,,,,7,,,,,,,,,,,,,,,,,,"ground","light_cavalry","flank",,,,
"marsh_hobgoblin_club","marsh","hobgoblin",350,,14,21,,,,,,,,,,,,,,,,20,,,,,,,,,,,,,,,,,,"ground","medium_melee","melee",,,,
"marsh_hobgoblin_leader_blacksword","marsh","hobgoblin",750,,16,18,,,,,,,,,,,,,,,,,,,"TRUE",,,,,,,,,,,,,,,"ground","heavy_melee","melee",,,,
"marsh_lizard_javelin","marsh","lizard",220,,20,28,,,,,,,,,,,,,,,,14,,,,,,,,,,,,,,,,,,"ground","light_range","range",,,"shield",
"marsh_lizard_leader_greatspear","marsh","lizard",850,,,,,,,,,,,,,,,,,,,,,,"TRUE",,,,,,,,,,,,,,,"ground","medium_melee","melee",,,,
"marsh_lizard_warrior","marsh","lizard",200,,,,,,,,,,,,,,,,,,,10,,,,,,,,,,,,,,,,,,"ground","light_range","mix",,,"shield",
"marsh_lizard_wasp_pot","marsh","lizard",180,,,,,,,,,,,,,,,,,,,6,,,,,,,,,,,,,,,,,,"ground","light_range","range",,,,
"mountain_construct_golem","mountain","construct",2000,,,6,,,,,,,,,,,,,,,,,,,,,,,,,,,,,,,,,,"ground","siege","melee",,,,
"mountain_dwarf_axe","mountain","dwarf",400,,60,10,,0.15,,,0.1,,,0.1,,,,,,,,,,,,,,,,,,,,,,,,,,"ground","medium_melee","melee",,,"shield","can_hold"
"mountain_dwarf_beard_warrior","mountain","dwarf",750,,70,17,,,,,,,,,,,,,,,,,,,,,,,,,,,,,,,,,,"ground","heavy_melee","melee",,,"shield",
"mountain_dwarf_big_crossbow","mountain","dwarf",350,,18,13,,,,,,,,,,,,,,,,,,,,,,,,,,,,,,,,,,"ground","heavy_range","mix",,,,
"mountain_dwarf_boar_cav","mountain","dwarf",1000,,43,24,,,,,,,,,,,,,,,,,,,,,,,,,,,,,,,,,,"ground","heavy_cavalry","melee",,,,
"mountain_dwarf_fortress","mountain","construct",7000,,,,,,,,,,,,,,,,,,,,,,,,,,,,,,,,,,,,,"ground","structure","idle",,,"no_forced_move,no_weak_side,active_without_sub_character:false,no_spirit,no_move",
"mountain_dwarf_fortress_axe_thrower","mountain","dwarf",700,,,,,,,,,,,,,,,,,,,,,,,,,,,,,,,,,,,,,"ground","sub","trap",,,,
"mountain_dwarf_leader_chariot_cav","mountain","dwarf",3200,,,31,,,,,,,,,,,,,,,,,,,,,,,,,,,,,,,,,,"ground","heavy_cavalry","melee",,,,
"mountain_dwarf_leader_rune_priest","mountain","dwarf",2200,,,13,,,,,,,,,,,,,,,,,,,,,,,,,,,,,,,,,,"ground","support","range",,,,
"mountain_dwarf_leader_true_beard","mountain","dwarf",2700,,85,19,,,,,,,,,,,,,,,,,,,,,,,,,,,,,,,,,,"ground","heavy_melee","melee",,,"no_weak_side",
"mountain_dwarf_rune_balista","mountain","dwarf",400,,,3,,,,,,,,,,,,,,,,,,,,,,,,,,,,,,,,,,"ground","siege","range",,,,
"mountain_dwarf_rune_catapult","mountain","dwarf",500,,,2,,,,,,,,,,,,,,,,,,,,,,,,,,,,,,,,,,"ground","siege","range",,,,
"dark_moonelf_air_wyvern","mountain","moon_elf",,,,,,,,,,,,,,,,,,,,,,,,,,,,,,,,,,,,,,"air",,,,,"no_forced_move",
"dark_moonelf_bladed_shield","mountain","moon_elf",,,,,,,,,,,,,,,,,,,,,,,,,,,,,,,,,,,,,,"ground","medium_melee","melee",,,,
"dark_moonelf_blowdart_cav","mountain","moon_elf",,,,,,,,,,,,,,,,,,,,,,,,,,,,,,,,,,,,,,"ground","light_cavalry","range",,,,
"dark_moonelf_dualcrossbows","mountain","moon_elf",,,,,,,,,,,,,,,,,,,,,,,,,,,,,,,,,,,,,,"ground","light_range","range",,,,
"dark_moonelf_gladiator","mountain","moon_elf",,,,,,,,,,,,,,,,,,,,,,,,,,,,,,,,,,,,,,"ground","light_melee","mix",,,,
"dark_moonelf_leader_blood_sage","mountain","moon_elf",1200,,,35,,,,,,,,,,,,,,,,,,,,,,,,,,,,,,,,,,"ground","support","range",,,,
"dark_moonelf_warscythe","mountain","moon_elf",,,,,,,,,,,,,,,,,,,,,,,,,,,,,,,,,,,,,,"ground","medium_melee","melee",,,,
"dark_moonelf_whip","mountain","moon_elf",,,,,,,,,,,,,,,,,,,,,,,,,,,,,,,,,,,,,,"ground","light_melee","melee",,,,
"neutral_centaur_leader_cloud_shaman","free","centaur",,,,,,,,,,,,,,,,,,,,,,,,,,,,,,,,,,,,,,,,,,,,
"neutral_cockatrice","free","animal",,,,,,,,,,,,,,,,,,,,,,,,,,,,,,,,,,,,,,"ground",,,,,,
"neutral_djinn_leader_mage_fire","free","djinn",,,,,,,,,,,,,,,,,,,,,,,,,,,,,,,,,,,,,,,,,,,,
"neutral_dog_leader_rain_shaman","free","housekin",,,,,,,,,,,,,,,,,,,,,,,,,,,,,,,,,,,,,,,,,,,,
"neutral_faun_leader_storm_shaman","free","vertkin",,,,,,,,,,,,,,,,,,,,,,,,,,,,,,,,,,,,,,,,,,,,
"neutral_fox_leader_mage","free","vertkin",630,,,,,,,,,,,,0.1,,,,,,,,,,,,,,,,,,,,,,,,,"ground","support","range",,,,
"neutral_goat_leader_champion","free","vertkin",,,,,,,,,,,,,,,,,,,,,,,,,,,,,,,,,,,,,,,,,,,,
"neutral_gorgon","free","animal",,,,,,,,,,,,,,,,,,,,,,,,,,,,,,,,,,,,,,"ground",,,,,,
"neutral_hydra","free","animal",10000,,,,,,,,,,,,,,,,,,,,,,,,,,,,,,,,,,,,,"ground",,,,,,
"neutral_large_barricade","free","construct",2000,,20,,,0.5,,0.75,-0.5,,0.5,,0.5,0.75,,,,100,,,,,,,,,,,,,,,,,,,,"ground","siege","idle",,,"no_forced_move,no_spirit",
"neutral_leader_death_dragon","free","undead",15000,,,,,0.75,-0.5,0.75,-0.5,0.25,0.25,,0.5,0.75,,,,,,,,,,,,,,,,,,,,,,,,"ground",,,,,,
"neutral_leader_dragon","free","dragon",20000,,,,,0.75,0.5,,0.75,0.75,0.5,0.75,0.75,0.75,,,,,,,,,,,,,,,,,,,,,,,,"ground",,,,,,
"neutral_leader_evil_eye","free","animal",,,,,,,,,,,,,,,,,,,,,,,,,,,,,,,,,,,,,,"ground",,,,,,
"neutral_leader_unicorn","free","unicorn",,,,,,,,,,,,,,,,,,,,,,,,,,,,,,,,,,,,,,"ground",,,,,,
"neutral_leprechaun","free","fairy",,,,,,,,,,,,,,,,,,,,,,,,,,,,,,,,,,,,,,"ground",,,,,,
"neutral_medium_barricade","free","construct",900,,20,,,0.5,,0.75,-0.5,,0.5,,0.5,0.75,,,,50,,,,,,,,,,,,,,,,,,,,"ground","siege","idle",,,"no_forced_move,no_spirit",
"neutral_minotaur","free","minotaur",,,,,,,,,,,,,,,,,,,,,,,,,,,,,,,,,,,,,,"ground",,,,,,
"neutral_monkey_leader_fog_shaman","free","vertkin",,,,,,,,,,,,,,,,,,,,,,,,,,,,,,,,,,,,,,,,,,,,
"neutral_phoenix","free","animal",,,,,,,,,,,,,,,,,,,,,,,,,,,,,,,,,,,,,,"ground",,,,,,
"neutral_raptor","free","animal",,,,,,,,,,,,,,,,,,,,,,,,,,,,,,,,,,,,,,"ground",,,,,,
"neutral_rat_club","free","vertkin",,,,,,,,,,,,,,,,,,,,,,,,,,,,,,,,,,,,,,"ground",,,,,,
"neutral_small_barricade","free","construct",400,,20,,,0.5,,0.75,-0.5,,0.5,,0.5,0.75,,,,20,,,,,,,,,,,,,,,,,,,,"ground","siege","idle",,,"no_forced_move,no_spirit",
"neutral_snail_leader_mage_air","free","vertkin",,,,,,,,,,,,,,,,,,,,,,,,,,,,,,,,,,,,,,,,,,,,
"neutral_sphinx","free","animal",,,,,,,,,,,,,,,,,,,,,,,,,,,,,,,,,,,,,,"ground",,,,,,
"neutral_spirit","free","animal",,,,,,,,,,,,,,,,,,,,,,,,,,,,,,,,,,,,,,"ground",,,,,"invincible",
"neutral_stalker","free","animal",,,,,,,,,,,,,,,,,,,,,,,,,,,,,,,,,,,,,,"ground",,,,,,
"neutral_sylph_leader_sun_shaman","free","fairy",,,,,,,,,,,,,,,,,,,,,,,,,,,,,,,,,,,,,,,,,,,,
"neutral_troll","free","animal",,,,,,,,,,,,,,,,,,,,,,,,,,,,,,,,,,,,,,"ground",,,,,,
"neutral_wyvern","free","animal",,,,,,,,,,,,,,,,,,,,,,,,,,,,,,,,,,,,,,"ground",,,,,,
"neutral_yeti","free","animal",,,,,,,,,,,,,,,,,,,,,,,,,,,,,,,,,,,,,,"ground",,,,,,
"nice_bear_cub","free","animal",200,,,8,,,,,,,,,,,,,,,,,,,,,,,,,,,,,,,,"wood_bear:4",,"ground","nice","curious",,,"no_target",
"nice_bird","free","animal",1,,,60,,,,,,,,,,,,,,,,,,,,,,,,,,,,,,,,,,"air","nice","nice",,,"invincible,no_battle,fly",
"nice_bunny","free","animal",1,,,20,,,,,,,,,,,,,,,,,,,,,,,,,,,,,,,,,,"ground","nice","territorial",,,"invincible",
"nice_butterfly","free","animal",1,,,29,,,,,,,,,,,,,,,,,,,,,,,,,,,,,,,,,,"air","nice","nice",,,"invincible,no_battle,float",
"nice_cloud_dog","free","animal",1,,,20,,,,,,,,,,,,,,,,,,,,,,,,,,,,,,,,,,"air","nice","nice",,,"invincible,no_battle,fly",
"nice_doll_cow","free","construct",1,,,7,,,,,,,,,,,,,,,,,,,,,,,,,,,,,,,,,,"ground","nice","territorial",,,"invincible,no_battle",
"nice_duck","free","animal",1,,,15,,,,,,,,,,,,,,,,,,,,,,,,,,,,,,,,,,"ground","nice","territorial",,,"invincible,no_battle",
"nice_fluffy_bird","free","animal",1,,,12,,,,,,,,,,,,,,,,,,,,,,,,,,,,,,,,,,"ground","nice","nice",,,"invincible,no_battle",
"nice_living_book","free","animal",1,,,8,,,,,,,,,,,,,,,,,,,,,,,,,,,,,,,,,,"air","nice","territorial",,,"invincible,no_battle,float",
"nice_slime","free","animal",1,,,10,,,,,,,,,,,,,,,,,,,,,,,,,,,,,,,,,,"ground","nice","nice",,,"invincible,no_battle",
"nice_snake","free","animal",1,10,,5,,,,,,,,,,,,,,,,,,,,,,,,,,,,,,,,,,"ground","nice","territorial",,,"invincible,no_target",
"nice_wisp","free","animal",1,,,8,,,,,,,,,,,,,,,,,,,,,,,,,,,,,,,,,,"air","nice","territorial",,,"invincible,no_target,float",
"port_gremlin_air_copter","port","gremlin",1500,60,3,65,,0.5,-0.25,0.25,0.5,0.25,-0.5,0.5,,0.75,,,,100,1,,,,,,,,,,,,,,,,,,,"air","fighter","fighter",,,"shield,no_forced_move",
"port_gremlin_organ_gun","port","gremlin",300,30,4,5,,,,,,,,,0.25,,2460,,,70,1,2,3,,,,,,,,,,,,,,,,,"ground","siege","range",,,,
"port_halfling_gun","port","halfling",210,40,6,21,,,,,,,,,0.25,,1700,,,,4,6,0.75,,,,,,,,,,,,,,,,,"ground","light_range","range",,,,
"port_halfling_halberd","port","halfling",300,32,25,18,,0.25,,0.25,,,,,0.25,,840,,,,7,9,0.5,,,,,,,,,,,,,,,,,"ground","medium_melee","melee",,,,"can_hold"
"port_halfling_leader_bard","port","halfling",850,6,18,24,45,,0.5,0.25,,,,,0.25,,120,,,,1,4,0.5,,"TRUE",,,,2,3,4,3,4,3,4,7,,,,"ground","support","range",,,,
"port_halfling_leader_ram_cav","port","halfling",1500,26,30,40,32,0.5,,-0.5,,,,,0.25,,450,,,,1,3,1,,"TRUE",,,,5,2,5,3,2,5,1,2,,,,"ground","heavy_cavalry","melee",,,,
"port_halfling_leader_sleeper","port","halfling",1100,15,15,14,11,,0.25,-0.25,,,,,0.25,,1200,,,,1,4,2,,"TRUE",,,,3,4,2,4,4,2,2,3,,,,"ground","light_melee","melee",,,,
"port_halfling_leader_traveller","port","halfling",900,30,32,30,20,-0.25,0.75,0.25,,,,,0.25,,50,,,,1,6,0.5,,"TRUE",,,"strategy_minor_clarity",4,5,5,2,5,3,3,4,,,,"ground","light_range","range",,,,
"port_halfling_militia_pitchfork","port","halfling",230,24,17,23,,,,,,,,,0.25,,100,,,,10,10,0.4,,,,,,,,,,,,,,,,,"ground","light_melee","melee",,,,
"port_halfling_militia_stone","port","halfling",130,18,3,23,,,,,,,,,0.25,,60,,,,6,14,0.4,,,,,,,,,,,,,,,,,"ground","light_range","range",,,,
"port_halfling_mortar","port","halfling",350,25,2,8,,0.25,-0.25,0.25,-0.25,,,,0.25,,3150,,,,1,4,15,,,,,,,,,,,,,,,,,"ground","siege","range",,,,
"port_halfling_pistol_cav","port","halfling",250,27,8,53,,,,,,,,,0.25,,2800,,,,4,5,0.5,,,,,,,,,,,,,,,,,"ground","light_cavalry","range",,,,
"port_halfling_pony_cav","port","halfling",400,29,38,58,,,,,,,,,0.25,,2200,,,,6,7,0.5,,,,,,,,,,,,,,,,,"ground","medium_cavalry","flank",,,,
"port_halfling_shield_crossbow","port","halfling",180,33,40,20,,,,,,,,,0.25,,800,,,,8,6,1,,,,,,,,,,,,,,,,,"ground","heavy_range","range",,,"shield",
"port_halfling_sword","port","halfling",320,36,45,27,,,,,,,,,0.25,,500,,,,10,11,0.4,,,,,,,,,,,,,,,,,"ground","light_melee","melee",,,,
"port_halfling_tower","port","halfling",3200,0,30,0,,0.75,-0.25,0.75,-0.5,0.5,0.25,-0.25,0.25,0.75,,,,2500,,,,,,,,,,,,,,,,,,,,"ground","structure","idle",,,,
"port_halfling_tower_cannon","port","halfling",500,30,10,1,,,,,,,,,0.25,,,,,100,,,,,,,,,,,,,,,,,,,,"ground","sub","trap",,,,
"sea_dwarf_beer_cheer","sea","dwarf",,,,,,,,,,,,,,,,,,,,,,,,,,,,,,,,,,,,,,"ground",,,,,,
"sea_dwarf_cannon","sea","dwarf",,,,,,,,,,,,,,,,,,,,,,,,,,,,,,,,,,,,,,"ground",,,,,,
"sea_dwarf_nawharl_cav","sea","dwarf",,,,,,,,,,,,,,,,,,,,,,,,,,,,,,,,,,,,,,"ground",,,,,,
"sea_dwarf_sea_pirate","sea","dwarf",,,,,,,,,,,,,,,,,,,,,,,,,,,,,,,,,,,,,,"ground",,,,,,
"small_eagle_air_stone","small","vertkin",155,35,10,90,,,,,-0.25,0.5,0.25,-0.25,,,80,,8,20,8,1,,,,,,,,,,,,,,,,,,"air","fighter","fighter",40,"TRUE","no_forced_move",
"small_rabbit_cannon","small","vertkin",250,18,1,8,,0.25,-0.25,0.25,-0.25,0.5,0.25,-0.25,,,500,140,50,50,1,3,3,70,,,,,,,,,,,,,,,,"ground","siege","range",400,"TRUE","no_forced_move",
"small_rabbit_hole","small","vertkin",120,12,10,0,,,,,-0.25,0.5,0.25,-0.25,,,,,,,,,,,,,,,,,,,,,,,,,,"ground","light_melee","trap",,,"invincible,no_move",
"small_rabbit_home","small","vertkin",40,17,1,31,,,,,-0.25,0.5,0.25,-0.25,,,,,,,,,,,,,,,,,,,,,,,,,,"ground","light_range","trap",,,"invincible,no_move",
"small_rabbit_hound_cav","small","vertkin",240,28,8,55,,,,,-0.25,0.5,0.25,-0.25,,,180,25,3,19,8,6,0.3,29,,,,,,,,,,,,,,,,"ground","light_cavalry","flank",24,"TRUE",,
"small_rabbit_killer","small","vertkin",130,50,19,43,,-0.25,-0.25,-0.25,-0.25,,0.25,-0.25,,0.25,420,18,7,11,5,7,0.1,34,,,,,,,,,,,,,,,,"ground","light_melee","flank",18,"TRUE",,
"small_rabbit_leader_banner","small","vertkin",850,5,32,29,35,,0.5,,-0.25,0.5,0.25,-0.25,,,100,12,1,25,1,6,0.2,20,"TRUE",,,"strategy_minor_encourage",3,3,4,3,5,2,3,6,,,,"ground","support","melee",20,"TRUE",,
"small_rabbit_leader_hero","small","vertkin",1300,46,27,54,25,0.25,0.25,0.25,-0.25,0.5,0.25,-0.25,0.25,0.25,100,25,2,26,1,3,0.2,20,"TRUE",,,"strategy_minor_rally",4,4,5,4,1,5,2,3,,,,"ground","light_cavalry","flank",35,"TRUE",,
"small_rabbit_leader_knight","small","vertkin",1400,24,62,17,10,0.5,,0.5,-0.25,0.5,-0.25,0.25,,,100,20,2,33,1,4,1,20,"TRUE",,,"strategy_minor_discipline",5,3,3,4,4,2,3,4,,,,"ground","heavy_melee","melee",35,"TRUE","shield",
"small_rabbit_leader_shaman","small","vertkin",700,14,10,31,18,,,-0.25,-0.25,0.5,-0.25,0.5,0.25,,120,15,2,20,1,4,2,40,"TRUE",,,"spell_stone_rain",4,5,2,2,6,2,4,5,,,,"ground","support","range",45,"TRUE",,
"small_rabbit_sling","small","vertkin",100,11,2,32,,,,,-0.25,0.5,0.25,-0.25,,,90,11,3,8,12,5,0.3,55,,,,,,,,,,,,,,,,"ground","light_range","range",14,"TRUE",,
"small_rabbit_snail_cav","small","vertkin",440,16,40,19,,0.25,,0.25,-0.25,0.5,0.25,-0.25,,,200,35,5,26,7,7,1.5,34,,,,,,,,,,,,,,,,"ground","heavy_cavalry","melee",30,"TRUE","shield",
"small_rabbit_spear","small","vertkin",200,18,23,30,,,,,-0.25,0.5,0.25,-0.25,,,20,7,2,14,25,9,0.2,15,,,,,,,,,,,,,,,,"ground","light_melee","melee",6,"TRUE",,
"small_rabbit_tower","small","construct",2500,0,40,0,,0.75,-0.25,0.75,-0.75,,0.5,,0.25,0.75,,,,2000,,,,,,,,,,,,,,,,,"(small_rabbit_tower_thrower;0;0)",,,"ground","structure","idle",150,,"no_forced_move,no_weak_side,active_without_sub_character:false,no_spirit,no_move",
"small_rabbit_tower_thrower","small","vertkin",360,17,15,10,,,0.5,,-0.25,0.5,0.25,-0.25,,,,,,12,,,,,,,,,,,,,,,,,,,,"ground","sub","trap",,,"no_forced_move",
"small_rabbit_trebuchet","small","vertkin",240,24,1,6,,0.25,,0.5,-0.25,0.5,0.25,-0.25,,,600,100,20,100,1,4,2,65,,,,,,,,,,,,,,,,"ground","siege","range",250,"TRUE","no_forced_move",
"small_snail_old","small","vertkin",280,5,42,5,,0.5,-0.25,,-0.25,0.5,0.25,-0.25,,0.2,160,21,5,15,5,5,1,40,,,,,,,,,,,,,,,,"ground","heavy_range","range",25,"TRUE",,
"small_snail_sword","small","vertkin",350,7,65,8,,0.5,-0.25,0.25,-0.25,0.5,0.25,-0.25,,0.1,110,20,6,28,9,6,1,30,,,,,,,,,,,,,,,,"ground","heavy_melee","melee",20,"TRUE","shield",
"summon_ballista","free","construct",700,40,1,0,,0.5,,0.5,-0.5,,,,,,,,,,,,,,,,,,,,,,,,,,,,,"ground","siege","trap",,,"no_forced_move,no_spirit",
"summon_earth_wall","free","construct",1500,,75,,,0.75,-0.25,0.75,-0.5,-0.5,0.5,-0.5,0.25,0.75,,,,1000,,,,,,,,,,,,,,,,,,,,"ground","siege","idle",,,"no_forced_move,no_spirit,no_corpse",
"summon_hound","free","animal",130,,,,,,0.25,,,-0.5,0.25,0.25,0.5,,,,,,,,,,,,,,,,,,,,,,,,,"ground",,"melee",,,,
"summon_ice_pillar","free","construct",300,50,20,,,0.5,-1,0.5,-1,0.75,0.5,-1,0.25,0.75,,,,1000,,,,,,,,,,,,,,,,,,,,"ground","siege","idle",,,"no_forced_move,no_spirit,no_corpse",
"summon_scorpion","free","construct",400,28,1,0,,0.75,-0.25,0.75,-0.5,-0.5,0.5,-0.5,0.25,0.75,,,,,,,,,,,,,,,,,,,,,,,,"ground","siege","trap",,,"no_forced_move,no_spirit",
"summon_skeleton_wall","free","construct",600,,40,,,0.5,-0.5,0.75,,,0.25,-0.5,,0.5,,,,500,,,,,,,,,,,,,,,,,,,,"ground","siege","idle",,,"no_forced_move,no_spirit",
"summon_taladamun_mirror","free","construct",,,,,,,,,,,,,,,,,,,,,,,,,,,,,,,,,,,,,,"ground",,,,,,
"wood_bear","wood","vertkin",860,35,50,26,,0.35,0.65,0.25,-0.1,0.25,0.1,,,0.15,,,,50,,,2,,,,,,,,,,,,,,,,,"ground","heavy_cavalry","melee",,,,
"wood_boar","wood","vertkin",555,,,,,0.1,,,0.15,0.1,0.05,0.1,,,,,,30,,,1.5,,,,,,,,,,,,,,,,,"ground","medium_cavalry","melee",,,,
"wood_elf_air_griffin","wood","sun_elf",,,,,,,,,,,,,,,,,,,,,,,,,,,,,,,,,,,,,,"air",,"interceptor",,,"no_forced_move",
"wood_elf_air_pegasus","wood","sun_elf",,,,,,,,,,,,,,,,,,,,,,,,,,,,,,,,,,,,,,"air",,,,,"no_forced_move",
"wood_elf_air_star_rider","wood","sun_elf",,,,,,,,,,,,,,,,,,,,,,,,,,,,,,,,,,,,,,"air",,,,,"no_forced_move",
"wood_elf_dualswords","wood","sun_elf",,,,,,,,,,,,,,,,,,,,,,,,,,,,,,,,,,,,,,"ground","light_melee",,,,,
"wood_elf_javelin","wood","sun_elf",210,,,,,,,,0.1,,0.1,,,,,,,,,,,,,,,,,,,,,,,,,,,"ground","light_range","common",,,,
"wood_elf_leader_druid","wood","sun_elf",,,,,,,,,,,,,,,,,,,,,,,,,,,,,,,,,,,,,,"ground","support",,,,,
"wood_elf_leader_sniper","wood","sun_elf",,,,,,,,,,,,,,,,,,,,,,,,,,,,,,,,,,,,,,"ground","light_range",,,,,
"wood_elf_spear","wood","sun_elf",,,,,,,,,,,,,,,,,,,,,,,,,,,,,,,,,,,,,,"ground","light_melee",,,,,
"wood_elf_tiger_cav","wood","sun_elf",,,,,,,,,,,,,,,,,,,,,,,,,,,,,,,,,,,,,,"ground","medium_cavalry",,,,,
"wood_monkey_leader_rider","wood","vertkin",,,,,,,,,,,,,,,,,,,,,,,,,,,,,,,,,,,,,,"ground","medium_cavalry",,,,,
"wood_monkey_scout","wood","vertkin",,,,,,,,,,,,,,,,,,,,,,,,,,,,,,,,,,,,,,"ground","light_range",,,,,
"wood_monkey_sling","wood","vertkin",,,,,,,,,,,,,,,,,,,,,,,,,,,,,,,,,,,,,,"ground","light_range",,,,,
"wood_tree","wood","tree",,,,,,,,,,,,,,,,,,,,,,,,,,,,,,,,,,,,,,"ground","medium_melee","melee",,,,
"wood_turtle","wood","vertkin",800,,,2,,0.25,,,0.2,0.2,,0.25,,0.3,,,,,,,,,,,,,,,,,,,,,,,,"ground","heavy_range","range",,,,
"wood_werewolf","wood","vertkin",540,,,38,,,,,,,0.05,,,,,,,,,,,,,,,,,,,,,,,,,,,"ground","medium_melee","flank",,,,
