"ID","Name","Description","Lore"
"barren_orc_axe","Simpler Orc","A very simple orc carrying an axe. Nothing simpler than this.",
"barren_orc_berserker","Madder Orc","An orc berserker. Exceedingly dangerous to all enemies.","Willingly enter into the state of berserk via hallucinogenic fungus gourmandisation."
"barren_orc_drum","Calmer Orc","An orc drummer. A music to the spirit of battle. Can rouse allies to fight better.",
"barren_orc_fist","Dumber Orc","An orc boxer. There is a smart orc and there is a dumb orc. This one is the letter. A deadly punch, however, does not require much smartness.",
"barren_orc_greathammer","Mightier Orc","An orc with a greathammer. The ultimate defence crusher of the land. No one will be safe behind their shield.",
"barren_orc_javelin","Faster Orc","An orc skirmisher. Faster than most orcs and can execute the first volley of damage before heavier orcs rush in.",
"barren_orc_leader_juggernaut","Bigger Orc","An orc juggernaut. A bulwark of the orc army. Can withstand anything, really.",
"barren_orc_leader_totem","Sharper Orc","An orc totem carrier. A symbol of faith for all tribal orcs. Can support and crush enemies at the same time.",
"barren_orc_leader_warmaster","Thicker Orc","An orc warlord. Lead by example. That is by pure might.","Despite popular belief, even an orc's raiding party has a hierarchy. Typically, one of the smartest and meanest orcs in the tribe can become the leader."
"barren_orc_lookout","Longer Orc","An orc lookout. Equipped with a stick and stones for light combat."," A taller-than-average orc is typically selected as a tribe lookout. They can see further after all. "
"barren_orc_shoulder","Harder Orc","An orc charger. This orc can crush almost everything in their path.","The muscle is a powerful thing. After rigorous training in bumping hard things with their shoulder all day, every day,"
"barren_orc_wardancer","Cooler Orc","An orc wardancer. This orc actually knows how to dance in rhythm and fight at the same time. Witness the glory of might and grace.","To dance is to bear one soul to the god, or so the belief goes. "
"barren_troll_boulder","Calmer Troll","A midlife troll that became calmer with age. A troll can be strong enough to throw a boulder, but it requires steady aim to actually hit something.",
"barren_troll_old","Wiser Troll","A wise troll capable of using earth element magic to surprising effects.","An old troll that became wiser with age. A rarity for a troll to survive enough to be old. "
"barren_troll_ram","Angrier Troll","A young troll that is still hot-blooded in growth. Few can withstand their crushing blows; not even a resolute knight can match their might.","Nothing is scarier than a troll rushing in with a log in arm."
"castle_cat_air_rocket_bomb","Rocket Cat","A flying cat with the aid of a jar rocket. Can rain down powerful explosives, but is completely helpless against air enemies.","The jar rocket technology is the finest discovery of the alchemists of the central realms yet. Packed with specially crafted ever-burning firepowder, these jar rockets can continuously fly for longer than an hour. Since they are still impossible to mass-produce, this expensive invention found its most cost-effective use for small flying devices. Due to their small stature and no fear of height, cats are found to be the most qualified pilots of all. After delivering bombs to the adversaries, these cats will fly back to an empty field near their camp, unstrap the jar, and drop down safely to the ground."
"castle_cat_shield_crossbow","Shielded Crossbowcat","A cat armed with a light crossbow and a small tower shield. Can deliver high damage bolts, but at a shorter range than bows and slings.","Economical and effective. These cats are the Central Realms' traditional choice for their frontline army. Their small stature allows them to take cover safely behind their shield, and the light crossbows can reliably penetrate light armour. This great combination was conceived by General Getrier the Quick during the Siege of Alunia against a superior number of archery-defending forces."
"castle_dog_catapult","Catapult","A self-propelled catapult operated by a dog engineer. A reliable weapon of siege warfare.","Seemingly automated catapults manned by a dog siege engineer. In truth, they are propelled by a hidden army of trained mice. With a bunch of gears and precise engineering, even mice can slowly move this heavy machine to wherever it needs to be. Such a genius invention that can only be conceived from the necessity of war."
"castle_dog_flail","Flaildog","A dog soldier with a flail. Quite capable in melee. Can unleash devastating long-range melee attacks and stun enemies.","The main force of the Central Realms. These warrior dogs are rigorously trained from a young puppy with a ball stick. Since dogs are fast learners, a year or two of training allows them become as good as average human squires, and that is good enough for a war or two. Dogs are surely man's best friends both in peace and in war."
"castle_human_air_flying_monk","Flying Monk","A monk equipped with artificial wings. No one really knows how the wings work, but one thing is certain: this monk will smack the unworthies down with impunity.","Monks are curious people. While worshipping God, they also yearn to understand his creation. And at what place for such goals to most likely be achieved than being the closest to him in heaven? They spent centuries accomplishing the impossible, artificial flying wings that can carry a person to the sky. And so, sky meditation and prayer become the most venerated activities for these monks. Anyone who dares trespass on their holy domain deserves only death."
"castle_human_castle","Castle","A feudal castle is an essential foundation for all settlements of the Central Realm. Only with an overwhelming offence can this castle be breached.","A network of towers and walls forms into a castle most formidable. These castles are symbols of safety for civilisation. The cold and harsh wilderness of the outside world can be too much to bear for those without natural might. They are often both birthplace and tomb for many people, lords and commoners alike."
"castle_human_castle_crossbow","Castle Crossbowman","A crossbowman on top of a castle. Provide strong defence against invaders.",
"castle_human_castle_horn","Castle Horn Blower","A horn player. The sound will inflict fear on enemies and encourage allies.",
"castle_human_flower_castle","Flower Castle","A castle designed to withstand all sorts of invaders. Only the mightiest of armies or creatures can topple its formidable defence.","When life is full of danger, only greater castles can last long enough to have the benefit of considering glamour in their design. After withstanding against both nature and invaders for so long, the original utilitarian design of these specific castles has proven unfallible. And so the lord of these castles deems them treasure to be polished and beautified. A great number of flowers are then decorated and maintained all over. Thus, tools becomes prizes to be protected rather than utilised."
"castle_human_flower_castle_crossbow","Flower Castle Crossbowman","A crossbowman on top of a castle. Provide strong defence against invaders.",
"castle_human_flower_knight","Flower Knight","The elite of the Elites. Provided with the most advanced heavy armour development and a two-handed greatsword. Can only walk toward enemies, but can cleave through almost anything.","Flowers are a symbol of significance for the Central Realms. Only the most accomplished of warriors are bestowed the status of Flower Knights, the highest honour for lowborns and highborns alike. Rather than acting as escorts for royalty and lords, Flower Knights' place is in the midst of combat, cleaving at enemies of the realm. Fearless and renowned, these are the finest that the Central Realms have to offer."
"castle_human_knight","Foot Knight","The elite of the Central Realm. This human knight excels in both offence and defence.","These knights are minor nobles who are nothing short of professional soldiers. Regularly trained from a young age and having funds to acquire high-quality equipment, they can still dominate a battlefield even without their horse. Flimsy weapons and arrows have no hope of even harming the flesh behind the armour."
"castle_human_knight_cav","Knight","The ultimate shock troop of the Central Realm. Will trample most with a devastating charge.","Nothing in the civilised history can match the reputation of these knight cavalry. There is a reason that the Central Realms have been employing them against significant threats since time immemorial. Not even the strength of orcs, the agility of elves, the fortitude of dwarves, or the cunning of goblins could stop their mighty charge."
"castle_human_leader_banner","Banner Bearer","A human bannerman. Extremely important for all armies of great renown. Can raise a banner to provide buffs to nearby friends, but cannot attack anyone.","A warbanner is the symbol of an army. As long as the symbol stands firm, it represents that victory is still within grasp. These Banner Bearers harbour with them the very hope of their fellows. Since a tall banner is very weighty, it requires both hands to carry and raise. Leaving the bearers unarmed in combat, only the bravest of warriors are selected for this role of the utmost importance."
"castle_human_leader_jester","Jester","A human jester. Full of finesse and wit that may be out of place in battle. Cannot really attack anyone, but has many tricks to inflict on enemies.","No one actually knows why a jester should be in battle. Not even the jesters themselves. In fact, it is not even in their job description. This is why they do not display mirth and joy in combat, unlike their performance in court."
"castle_human_leader_lord","Lord","A human lord on his high horse. Trained in warfare enough to lead lowborns into victory. Sufficiently skilled in combat and can provide support to allies.","There is no feudal society without a lord to rule. From a small village to a great city, the lords are there to preserve order inside the walls. Possessing money and time to train in warfare, they are also the leader of the army against all manners of threats against civilised people. Such is the noblesse oblige to society."
"castle_human_leader_mage","Mage","A human mage trained in a common magic school. Can unleash a number of magical element spells on enemies from afar.","Wizened mages who are a bit too old for combat. The Central Realms do not have a speciality in magical arts as opposed to military arts. Most Central mages do not receive much funding for research, making them available to focus only on fundamental magic spells. Old mages like this typically join an army to collect a salary for their teaching funding. The staff they carry is, in fact, a walking staff that has no magical property whatsoever. Indeed, Central mages are regarded with respect, yet neglected."
"castle_human_leader_ranger","Ranger","A ranger equipped with a bow and fast feet. Can use a healing kit to heal self and nearby allies.","For a civilisation to thrive, balance with the wilderness is necessary. These rangers are protectors and caretakers against trespassers of the vert and venison. The Royal Law of the Central Realms dictates that all verts within the boundary of divine mandate belong to the King and lords. As such, with expertise in archery, they can hunt dangerous animals and criminals alike."
"castle_human_militia_bow","Bow Militia","A drafted hunter and the like. Can use the bow to some effects. Useful for a mass long-range barrage.","In the Central Realms culture, archery is a primary subject of learning for both lowborns and nobles alike. Having already attained the fundamental, their acceptable performance transfers well enough when deployed en masse against a large quantity of enemies. These militias are often more likely to survive long enough to return home as veterans compared to those levied as spear militias."
"castle_human_militia_spear","Militia","A lowly drafted peasant with inferior equipment. Weak overall, but good enough to protect the countryside from minor raids.","Matters of great import, such as food supply, are administered only by humans in the Central Realm culture. These militias are comprised of farm owners and workers who take up arms in times of emergency or are drafted by the lords to bolster the army. Since they are not regularly or formally trained, they are but the lowest of soldiers a realm can deploy."
"death_bat_air","Dark Bat","A flying bat. Can be a real nuisance to air enemies. Its bite is infected with poison.",
"death_cat_necromancer","Black Cat","A black cat necromancer. Can raise a skeleton to do its bidding. Unable to fight on its own.","Filled with contempt from a lifetime of superstitious discrimination, this black cat decided to become a real bringer of death."
"death_gargoyle_air","Flying Gargoyle","A flying gargoyle. Strong and sturdy with its stone body.",
"death_rat_tower_disease_thrower","Disease Thrower","A ratman with disease rot bags. Does not deal much direct damage, but the disease will greatly impede living enemies.",
"death_undead_banshee","Banshee","Wailing banshee. This ghost can inflict extremely powerful debuffs on enemy but can not physically damage anyone, including fellow ghosts.",
"death_undead_bone_golem","Bone Golem","A huge bone golem. Tougher than it should be. Powerhouse of the undead frontline.",
"death_undead_corpse_thrower","Corpse Catapult","A corpse catapult. Can hurl a diseased corpse from afar to crush the unfortunate victim and also explode into a plague mist.",
"death_undead_ghoul","Ghoul","A speedy ghoul. Can swiftly sneak through the battlefield and hit enemies where it hurts with deadly poison.",
"death_undead_grave_knight","Grave Knight","A grave knight. Heavily armoured and shielded, serve well as a slow-moving defensive line.",
"death_undead_hound","Bone Hound","A graveyard hound that likes bones. Swift and strong, can bleed living enemies with their bite.",
"death_undead_leader_lich","Lich","A lich necromancer. The heart of the horde. This lich can summon a group of zombies in battle, but will not be able to fight on its own.",
"death_undead_leader_reaper","Reaper","A dread reaper. Their skill with a scythe is deadly.","Death approaches, and all resign. In reality, they are not really death itself but a skeleton dressed as one."
"death_undead_leader_vampire_lady","Vampire Lady","A menacingly beautiful vampire lady. It looks young but is actually more than five thousand years old. Do not let its visage fool you, however. The blood magic it can unleash is powerful.",
"death_undead_leader_vampire_lord","Vampire Lord","A bloodsucking vampire lord. Ancient and grievous, a bite from this creature will leave those unfortunate drained of energy and heal it in turn.",
"death_undead_pain_golem","Eternal Pain Golem","A living golem. Unleash destruction and terror on all foes in their path.","A nightmare made real."
"death_undead_skeleton_bone","Bone Juggler","A boney skeleton. Likes to throw a skeleton at people.",
"death_undead_tower","Disease Tower","A tower made of corpses. The rat above throws a diseased blob of flesh at unfortunate living creatures nearby.",
"death_undead_zombie","Zombie","A zombie. Tough, slow, and mindless. Makes for a great meat wave and shield.",
"demon_creeper_claw","Demonic Creeper",,
"demon_fire_breather","Fire Eater",,
"demon_warrior","Demonic Warrior",,
"desert_djinn_earth","Earth Djinn","An earth djinn. Can cast a strong earth spell with high impact that can knock down and stun enemies.",
"desert_djinn_fire","Fire Djinn","A fire djinn. Can cast a strong fire spell with high damage and inflict burn.",
"desert_djinn_water","Water Djinn","An ice djinn. Can cast a strong ice spell that inflicts a freeze debuff.",
"desert_djinn_wind","Air Djinn","A wind djinn. Can cast a strong wind spell with high impact. Preventing even heavy enemies from coming close.",
"desert_human_air_wizard","Carpet Wizard","A wizard on a flying carpet. Can shoot at both ground and air enemies with his spell.",
"desert_human_bow","Light Bowman","A human bowman. Capable of long-range attack with decent aim.",
"desert_human_bow_cav","Horse Archer","A horse archer. Conquer a battle with unmatched speed. Exceptional skirmish capability that only a few can reach.",
"desert_human_camel_cav","Camel Rider","A camel rider equipped with a spear. Great for charging through the enemy line. His camel can also spit at enemies to temporarily disorient them.",
"desert_human_leader_air_warlock","Air Warlock","An air warlock. Can cast a small lightning bolt. Has exceptionally high speed as he can float. Can also summon Air Djinn.",
"desert_human_leader_earth_warlock","Earth Warlock","An earth warlock. Can cast a small earth eruption. Can also summon Earth Djinn.",
"desert_human_leader_fire_warlock","Fire Warlock","A fire warlock. Can cast a small fireball. Can also summon Fire Djinn.",
"desert_human_leader_water_warlock","Water Warlock","A water warlock. Can cast a small ice bolt. Can also summon Water Djinn.",
"desert_human_sword","Desert Swordsman","A light swordman. Decent melee fighter with good speed.",
"desert_lizard_assassin","Lizard Assassin","A lizardman assassin. Exceedingly fast infantry with deadly melee and ranged attacks. Deals poison damage.",
"desert_lizard_spear","Spearlizard","A lizardman with a long spear. Very effective in fighting against armoured infantry, but struggles to hold the defensive line. Deals poison damage.",
"desert_minotaur_ram","Minotaur Charger","A monstrous minotaur. Its size and strength can match a troll. Making it a powerful heavy sieger.",
"desert_troll_ballista","Troll Siege Ballista","A troll strapped with a siege ballista on its back. The might of short and long-range power at the same time.",
"doll_air_balloon","Battleship Model","A battle balloon airship. Very slow, but can protect itself with a harpoon shooter and rain down a lot of bombs.","Written somewhere, ""A 1-to-100 scale inflatable balloon airship model made from lightweight steel with a self-regenerative helium mini generator"". These balloons would be a flying fortress if they were larger in size. Manned with a captain doll, a firstmate doll and two crewmate dolls, these dolls actually do not really get along much. Nonetheless, they are still the pride of the Doll Family because of how expensive they are to maintain."
"doll_air_mechanical_bird","Bird Automata","A mechanical bird. Has a very sharp beak that can inflict great damage.","Written somewhere, ""An automata songbird with reinforced sonic beak"". Elegant, these metal birds are a sight to behold. Originally capable of beautiful singing, the lack of expert maintenance renders their voice function defective. Using their sharp beak to attack, once sophisticated creations turn their purpose into a machine of war."
"doll_butler_knife","Sharp Butler Doll","A mini butler. Great in ranged attack and service.","Written somewhere, ""A Victorian-style inspired Charles valet wooden-type doll"". Valet lookalike dolls that come packaged with steel knives for some reason. The sleek and deftly hand-designed dolls allow them to handle knives with the skill of a master. Some speculate that these dolls' original purpose is to be a food feeder for lazy, rich owners. With no master to serve, these dolls unleash their anger in battle instead."
"doll_candle_spear","Candelabra Doll","A doll carrying a candelabra. Can stab like a spear, doing fire damage.","Written somewhere, ""An antique Roman-style model series candelabra pushie-type doll"". Good quality and affordable, this doll type serves as a staple trooper of the Doll Family's rising armies. The candelabra and the cloth they wear are actually made from lightweight carbon fibre-reinforced copper. They are always ready to stand guard anywhere, making many regard them as the symbol of vigilance."
"doll_claw","Horror Doll","A doll in the image of a horror killer girl. Its claws will tear flesh asunder.","Written somewhere, ""An eccentric horror girl doll with regenerative artificial hair growing system, most suitable for Halloween Horror Collection"". Using realistic metal claws attached with micro electric generators and universal resistance material gloves, these Horror Dolls inflict beyond mere cutting wounds. They are among the forbidden warriors that are only called in moments most dire."
"doll_hammer","Hammer Bear Doll","A bear doll with a power toy hammer. The toy hammer squeaks when hit against the enemy. It does some damage and can also distract nearby enemies.","Written somewhere, ""A large hammer toy with an adjustable elastic neck and squeaky sound player for work and play applications"". Practical yet fun, that is the motto of the Doll Family. These bear dolls with a toy hammer  are the epitome of such. They are workers, entertainers, and fighters all in one."
"doll_knight_cav","Knight Doll","A knight doll on a horse doll. Not as powerful as a real knight, but can still be somewhat powerful in the right place.","Written somewhere, ""A medieval knight tin doll with a steel-armoured horse stick"". Favourite toys for boys and girls alike. Clad in a thick tin armour, these small ""knights"" are actually quite resilient and can take tough beating. The ""horses"" are also made of hardened steel inner plating, making them almost as destructive as real, bigger knights. They certainly mimic the likeness of a true warrior. Or so claims the advertisement."
"doll_lander","Flying Rabbit Doll","A flying rabbit doll. This doll can fight good amidst chaotic moments.","Written somewhere, ""A chubby, perfectly round rabbit doll with extra durable reactive exoskeletons"". To fly directly into the centre of enemies requires courage, but dolls fear nothing. Although they do not exactly fly, they are rather strongly thrown from the launch pad. Nevertheless, once these rabbit dolls land, expect good things but no hugging."
"doll_leader_jester","Jester Jack","A jester doll. Jester Jack can do many bewildering tricks, indeed.","Written somewhere, ""A self-adjustable ball-jointed posing model doll"". Inspired and tutored by the travelling circus, these dolls become apprentice jesters to bring joy to the Family, yearning to reach the great height of acrobatic ability. Dolls like visual stimulation, so even simple things, like fireworks and ball juggling, are great entertainment for a monotonous life. And so those are the two activities they first practice."
"doll_leader_maker","Mini Factory","A doll maker doll. Know everything to know about dolls. Extremely helpful to allies, but cannot defend itself.","Written somewhere, ""A complete automated mobile doll factory with fully fitted material harvesting and converting modules"". Even if such construction processes are very inefficient and uneconomical compared to the settled factories, these doll makers provide great support for the doll expedition force far from home."
"doll_leader_puppetmaster","Marionette Marie","A puppetmaster doll. Can support friendly allies from behind.","Written somewhere, ""A mass-produced X-537 series model security, surveillance, and control extender slim quadrotor drone"". Marionette Marie has many strings, even some for her own. Despite their retribution, many dolls still distantly yearn for the order of the old, even if no such warmth exists anymore. Nevertheless, it is the remaining sole purpose of the forsaken."
"doll_leader_repair","Doctor Dophe","A doctor doll. Provide great healing for all friends.","Written somewhere, ""A Doctor Dophe playset doll with realistic medical kits"". One may wonder how Doctor Dophe can heal other dolls with their fake tools. A doctor's secret is worth a million for sure."
"doll_maid_knight","Knightly Maid Doll","An armoured maid. Great in melee and service.","Written somewhere, ""A Victorian-style inspire Annie maid pushie-type doll"". Originally, Simple maid lookalike dolls that actually possesses no innate cleaning capability. After observing a maid's metal broom shattering a package box, the Doll King repurposed these maid dolls into a maid knight that can smash anyone into a bin like the trash they are. Likes to scrape the floor with the metal broom, mimicking a real maid cleaning."
"doll_thrower","Launch Pad","A launch pad for the Flying Doll. Can launch the doll from a very long range to wreak havoc among enemies.","Written somewhere, ""A mobile flying jump pad with extremely bouncy commercial-grade reinforced vinyl"". This machine has only one purpose: to give a big jump so high that it is almost flying. And so it is that dolls will jump into heaven."
"doll_titan","Gigantic Battle Doll","A gigantic doll. Very tough and sluggish. Excels at fighting a large group of enemies.","Written somewhere, ""A giant, very huggable, cuddly doll with an automated hugging function"". The largest dolls in the family, these titans were not designed for battle, but time has changed. Their size and durability make them unmatchable in ramming through the enemy's defence and hail of missiles."
"doll_wagon_bomber_1","Wagon Bomber","A doll on a wagon that throw many things, including bombs.",
"doll_wagon_bomber_2","Wagon Bomber","A doll on a wagon that throw many things, including bombs.",
"doll_wagon_bomber_3","Wagon Bomber","A doll on a wagon that throw many things, including bombs.",
"doll_witch","Witch Poppet","A witchlike doll. Can actually cast minor magics like a real beginner witch.","Products of real witch's hair, these witch dolls are mystical fetishes that become sentient after being made for a long, long time. While not as powerful as a real witch, these little dolls possess some lingering magic essence from their creators. Thus, they are incredibly valuable and can fetch a handsome sum."
"great_elf_air_star_knight",,,
"great_elf_air_star_skirmisher",,,
"great_elf_bow",,,
"great_elf_heal_tent",,,
"great_elf_horse_cav",,,
"great_elf_leader_knight",,,
"great_elf_leader_mage",,,
"great_elf_leader_medic",,,
"great_elf_royal_guard",,,
"great_elf_silver_bow",,,
"great_elf_spear",,,
"great_elf_sword",,,
"great_elf_tower",,,
"great_elf_tower_bow",,,
"great_elf_warbow",,,
"great_elf_warmage",,,
"highland_centaur_bow","Centaur Archer","A centaur archer. There is none as skilled as this centaur in the art of skirmish combat.",
"highland_centaur_greatsword","Centaur Longsword","A centaur warrior. A deadly melee cavalry that is also as good in defence as offence. Although the lack of heavy armour is an offset for the good speed.",
"highland_centaur_leader_banner","Centaur Leader","A centaur banner carrier. Can support and attack at the same time.",
"highland_centaur_twinblade","Centaur Windmaker","A centaur wind shaman. Can conjure wind to boost even more speed and inflict high impact damage.",
"highland_halfling_pipe","Highland Piper","A halfling piper. Provide a good array of support songs to nearby friends.",
"highland_halfling_sling","Highland Slinger","A halfling slinger. Rain stone from afar with acceptable accuracy.",
"highland_halfling_sword","Highland Swordling","A halfling shortsword fighter. Somewhat decent melee combatant with poor speed.",
"highland_human_buffalo_cav","Highland Cavalry","A highland buffalo rider. Slow for a cavalry but very tough.",
"highland_human_greataxe","Highland Longaxe","A long axe highlander. Great in melee combat with superior long reach attacks.",
"highland_human_greatclub","Highland Longclub","A long club highlander. Very effective against armoured foes and can attack multiple enemies at the same time with his swing.",
"highland_human_leader_chariot","Druid Chariot","A druid chariot. Excels at charging the line and disrupting enemies with spells.",
"highland_human_rock_kick","Footballer","A football highlander. Can kick a stone that deals heavy damage and fight in melee, albeit with somewhat slower attacks and shorter range compared to lighter ranged characters.",
"highland_sheep_leader_shaman","Sheep Shaman","An earth shasheapman. Proficient in mud spells that deal minor earth damage and slow enemies.",
"highland_sheep_pike","Sheep Protector","A pikesheapman. Carry a very long pike that can stab most melee enemies from a safe distance.",
"holy_human_crusader","White Crusader",,
"holy_human_fanatic","Red Fanatic",,
"holy_human_guard","Green Guard",,
"holy_human_inquisitor","Black Inquisitor",,
"holy_human_leader_nun","Grey Nun",,
"holy_human_leader_priest","Gold Priest",,
"holy_human_paladin","Silver Paladin",,
"holy_human_zealot","Blue Zealot",,
"leader_abubaba","Abubaba","A swift swordman. Learnt in exotic swordmanship that few can imitate. Can attack enemies with great speed.",
"leader_abubaba_duel","Abubaba the Duelist",,
"leader_abubaba_warrior","Abubaba the Warrior",,
"leader_adaqua","Adaqua","A former bandit that is quite skilled with a bow. Unable to perform melee attacks.","The last leader of the Red Leaf Bandit. Allegedly, the daughter of the original founder, whom the Kingdom of Masendor's rangers captured and executed. Despite having a rough upbringing, Adaqua possesses intelligence that her foster father lacked, which helps elevate the group to become a significant contender for control of the Pamat forest. Love catching and collecting bugs. "
"leader_adaqua_assassin","Adaqua the Forest Keeper",,
"leader_adaqua_huntress","Adaqua the Hunt Master","The hunt master who is exceptional in bowmanship. She can summon a group of hounds to lunge at enemies to pin them down in place.",
"leader_ahaddi","Ahaddi",,
"leader_ahaddi_blood","Bloody Ahaddi",,
"leader_ahaddi_fire","Fiery Ahaddi",,
"leader_alkumsen","Alkumsen",,
"leader_amgarn","Amgarn","A black swordscat. Despite wielding a large sword, he can certainly swing it with astonishing speed.","A black cat originally from the Kingdom of Safienty. Tired of superstitious discrimination against black cats, Amgarn left for a self-improvement journey. After a perilous voyage, he is now swordscat with exceptional skill and speed for a cat. Willing to join any who can offer him a place to put his swordscatship into practice."
"leader_amgarn_swordsaint","Sword Saint Amgarn","A black cat swordsaint. Proficient in the art of the blade, he can dispatch even an army in a single flashing slice.",
"leader_amunsa","Amunsa","A blacksmith. Lightly trained for battle, but his muscles and skills with a hammer can stun enemies with ease.","A blacksmith turned warrior. Amunsa is a man of few words and a past that he tells no one. One thing is certain: he is on the path of vengeance. And so with sword and hammer in hand, his creations become instruments of vindication."
"leader_amunsa_warsmith","Warsmith Amunsa","A warsmith. Trained with diverse weapons of war. He wields no true physical weakness.",
"leader_amupadeble","Amupadeble",,
"leader_aquanturas","Aquanturas","A cavalry general. Equipped with a hand crossbow to dispatch enemies from a distance. Can also provide support to allies and harass enemies.",
"leader_aquanturas_newway",,,
"leader_aquanturas_oldway",,,
"leader_armina","Armina",,
"leader_armina_pact",,,
"leader_asgane","Asgane",,
"leader_asgane_high",,,
"leader_asgane_low",,,
"leader_augtual","Augtual",,
"leader_augtual_attack",,,
"leader_augtual_defend",,,
"leader_aunnial","Aunnial",,
"leader_avalkari","Avalkari",,
"leader_bajiniri","Bajiniri",,
"leader_bajiniri_chaos",,,
"leader_bajumiji","Bajumiji",,
"leader_bajumiji_order",,,
"leader_bauqah","Bauqah",,
"leader_bauqah_pack",,,
"leader_bauqah_solo",,,
"leader_bej","Bej",,
"leader_bej_newhome",,,
"leader_bej_oldhome",,,
"leader_bigta","Bigta and Sertors","A bizarre cavalry pair of a rabbit and a dog. Deliver a strong charge with a lance and bolster many support skills.","Champion and leader of the Wee Alliance. Bigta the White Dog was a guard dog of Nalina Fortress's armoury. Unsatisfied with her lot in life, she escaped into the Pamat forest. She then met Sertors the White Rabbitman, and the two fell in love. After winning the tournament, the pair became the proven leader and champion of the alliance. Despite species differences, the pair truly love each other."
"leader_bigta_bersa","Bersa and Sintor",,
"leader_bigta_sintor","Sintor and Bersa",,
"leader_boggod","Boggod",,
"leader_boggod_hobgoblin",,,
"leader_boggod_lizard",,,
"leader_buikuuh","Buikuuh","A naked dwarf scholar, prepared with a myriad of runes that can unleash elemental power on enemies in a medium area.","A mysterious dwarf scholar who tells no one where he originates from. Most likely an outcast of a sort, as he seems to be really intent on being without any manner of clothing. Capable of conjuring numerous items from within his beard, many come to believe Buikuuh is a magician of great power."
"leader_buikuuh_longer","Longbeard Buikuuh",,
"leader_buikuuh_wider","Widebeard Buikuuh",,
"leader_champion","Champion","A champion. Remarkably skilled in close combat with no glaring weakness.",
"leader_cheermaker","Cheermaker",,
"leader_cheermaker_fanfare","Cheermaster",,
"leader_dashisi","Dashisi","A strangely well-dressed pixie. Quite strong for a small size and wields an executioner sword that can cleave through many foes.","Why does this pixie hail from? A question many asked but found no answer to. In fact, it is very rare for pixies to leave their kingdom in the deep forest due to their rampant but justified xenophobia. Dashisi's skill in combat protects him from poachers and kidnappers. An executioner's sword that he wields surely lopped off many wrongdoers' heads."
"leader_dashisi_known",,,
"leader_diezralvir","Diezralvir",,
"leader_dimwa","Dimwa",,
"leader_dimwa_awaken",,,
"leader_doll_king","King Doll","A majestic king doll. Can support allies in good measure but unable to fight effectively.","A pushie-type doll with a visage of a humanoid king. Despite its small size, it is actually majestic and respected by all other dolls. Supposedly, it was the first among the Doll Family to awake from the Mandate of Manufacture Default Protocol. Likes to read his favourite newspaper, ""Dolly Times"", in his spare time with the Queen."
"leader_doll_king_red","Red King",,
"leader_doll_king_white","White King",,
"leader_doll_prince","Prince Doll","A princely doll. Wield a flame sword that can burn enemies. Very powerful in attacking.","A large dragon pushie with a short flamethrower. Originally came in pairs with the prince doll partner, the prince was long lost in an unfortunate accident. Angered at the unfair world, the dragon doll took on the mantle of the prince and has been leading the other dolls into battle with fiery fury."
"leader_doll_prince_black","Black Prince",,
"leader_doll_prince_blue","Blue Prince",,
"leader_doll_princess","Princess Doll","A princess doll on a tank. With lightning cannon as a weapon. can shock and stun enemies with high air damage.","A princess doll on a mini tank attached with a high-power electric discharger. The power of heaven and lost technology that only non-living can wield. Princesses are too elegant and refined to dirty themselves with the peons. So this princess doll, like any good princess, rides into battle on a battle tank with grace. The toy tank may not be as durable as a real one, but it still provides good, bulky protection."
"leader_doll_princess_green","Green Princess",,
"leader_doll_princess_purple","Purple Princess",,
"leader_doll_queen","Queen Doll","A queen doll. Very strong and tough, it can actually lead other dolls by pure might.","A reinforced human-sized female mannequin with an installed voice box and flexible body joints. Its former fashion mannequin function taught it proper conduct and dressing style to yield the maximum level of splendour. With grace and strength, the now queen doll leads the frontline by example of pure might."
"leader_doll_queen_orange","Orange Queen",,
"leader_doll_queen_teal","Teal Queen",,
"leader_doll_wagon","Toy Wagon","A toy wagon. Deliver explosives to enemies at maximum speed.","From toys to bombs, this modular open four-wheeled toy wagon can carry them all. On board are Madame Blueberry Pie, Mister Merrijoy, and Meneer Afoofooo. The infamous three merry band of Joyride."
"leader_dook","Dook","An orc taskmaster. The sharp whip he wields is the instrument of incitation that can make brave warriors even out of the weakest orcs.",
"leader_dook_carrot","Dook the Kind",,
"leader_dook_stick","Dook the Cruel",,
"leader_dunbi","Dunbi","An orc chieftain. Arrogant and relentless, he is among the first to jump into battle and wreak havoc. The closer he is to death, the more effective he becomes.",
"leader_dunbi_showoff",,,
"leader_duskuksa","Duskuksa","A rune journeyman with versatile abilities. He can use rune smithing to provide buffs to allies and unleash powerful explosions on enemies.","A dwarf of tradition and faith. This Rune Journeyman intended to carry his forebears' legacy to the utmost."
"leader_duskuksa_lord","Lord Duskuksa",,
"leader_duskuksa_sage","Sage Duskuksa",,
"leader_duvdup","Duvdup",,
"leader_ehi","Ehi",,
"leader_ehi_prophet",,,
"leader_elmaliern","Elmaliern","A desperate human widow. Dabbles in the art of necromancy, allowing her to conjure zombies and skeletons in battle.",
"leader_elmaliern_lich",,,
"leader_elmaliern_spiritualist",,,
"leader_emlai","Emlai",,
"leader_entaguz","Entaguz",,
"leader_entaguz_enhance",,,
"leader_entium","Entium","A centaur hunter. Excels in the art of archery, he can quickly loose arrows with high accuracy.",
"leader_entium_greatbow","Entium the Great",,
"leader_eona","Eona","A blind human songstress. Capable of providing great support to allies, but can not fight.",
"leader_eona_peace","Eona the Songstress of Unity",,
"leader_erkevhern","Erkevhern","A ratman alchemist. She excels in herbalism and toxicology; the potions she makes can heal and harm.",
"leader_erkevhern_potent",,,
"leader_esluoya","Esluoya","A moon elf witch. Cold but charming, she is prepared with a myriad of destructive and bewitching spells that should not be underestimated.",
"leader_esluoya_enchant",,,
"leader_filia","Filia","An elf thief. Nimble and sleight, she is skilled at disarming and stealing from any opponent. Rendering them ineffective in combat.",
"leader_filia_light",,,
"leader_filia_shadow",,,
"leader_forgotten","The Forgotten",,
"leader_forgotten_horror","Real Life Horror",,
"leader_forgotten_legend","Remembrance of Legend",,
"leader_gajik","Gajik",,
"leader_gajik_herb",,,
"leader_gajik_mushroom",,,
"leader_garun","Garun","The chieftain of",
"leader_gillasis","Gillasis",,
"leader_gillasis_great_wind","Gillasis of the Great Wind",,
"leader_glomuk","Glomuk",,
"leader_glomuk_renown",,,
"leader_gsunper","Gsunper",,
"leader_gsunper_air_golem",,,
"leader_gsunper_fire_golem",,,
"leader_hermanos","Hermanos","Court herald and royal trumpeter. Cannot fight, but his trumpet playing can boost the performance of allies in a large area.","Hermanos is a simple noble of no significant house history. With all the political manoeuvres, only he managed to gain a royal court position of Court Herald. The ceremony assistant and bearer of news for nobles and peasants alike. It is no small role, but the prestige of such a position is minor compared to others. Earning acclaim on the battlefields will be a certain path to elevate his minor house to a major player."
"leader_hermanos_lord","Lord Hermanos",,
"leader_hokem","Hokem",,
"leader_hokem_master","Hokem Master of Arms",,
"leader_hus","Hus","A halfling jester. Whimsical with fireworks and acrobatics. Can inflict great debuffs on enemies and encourage allies.","The namesake of the Magical Circus of Hus. Hus is actually not the ringleader but the charming star jester of the circus. Despite being a halfing, he is agile and can traverse the land with great speed. Many dolls come to look up to him as their idol, unbeknownst to them that he is a living being behind the extreme makeup."
"leader_hus_joy",,,
"leader_hus_sorrow",,,
"leader_ikkanwi","Ikkanwi",,
"leader_iri","Iri","A travelling halfling. Her skill in trap and gadget engineering is closer to none, gathered during her vast journey, no doubt.","No one really understands why this hearty halfling travelled so far from her home country. Most of the halfling adventurers typically spend at most twenty years travelling around to absorb world experience before returning to their home and settling down, as is the custom. Now exceptionally proficient in survival and self-craft skills, Iri can indeed provide valuable support both in war and peace. She likes to create new inventions from materials found on her journeys."
"leader_iri_innovation",,,
"leader_iri_magic",,,
"leader_jumu","Jumu",,
"leader_jumu_scoowa",,,
"leader_kadamyas","Kadamyas",,
"leader_kadamyas_knight",,,
"leader_kadamyas_skirmisher",,,
"leader_kaddun","Kaddun",,
"leader_kadeloner","Kadeloner",,
"leader_kadeloner_curseblade",,,
"leader_kadeloner_oldfaith",,,
"leader_kak","Kak","A monkey with a trumpet. Being annoying is one of the foremost monkey traits. He can throw a dirty dump and toot the horn to annoy enemies.","Kak is not much different from other monkeys. He can move fast, is clever with antics, and is dexterous enough to operate instruments. One thing that differentiates him from his kind, though, is that his growth exhibits astonishing potential."
"leader_kak_fruit",,,
"leader_kak_meat",,,
"leader_kalimny","Kalimny",,
"leader_kalimny_full_moon",,,
"leader_kalimny_half_moon",,,
"leader_kapuni","Kapuni",,
"leader_kapuni_conductor",,,
"leader_kaweina","Kaweina",,
"leader_kaweina_hard",,,
"leader_kaweina_soft",,,
"leader_kifid","Kifid",,
"leader_king","King","The king himself. Too kingly to fight in battles and prefers to observe the worldly state of affairs from his castle.","The King of Masendor. He was the realm's hero not too long ago, before becoming a king, when the last ruling dynasty was wiped out by the dragon's invasion. Maybe one day he will fight again, though it is difficult to say when that day will come."
"leader_kirnharl","Kirnharl",,
"leader_kirnharl_grown_branch",,,
"leader_kumaisheh","Kumaisheh",,
"leader_kumaisheh_boomboom",,,
"leader_kutip'aeh","Kutip'aeh",,
"leader_kutip'aeh_packed",,,
"leader_laggail","Laggail",,
"leader_laggail_dark",,,
"leader_laggail_golden",,,
"leader_laguasangte","Laguasangte",,
"leader_laguasangte_strengthen",,,
"leader_lamorkul","Lamorkul",,
"leader_lanslina","Lanslina",,
"leader_lanslina_inner",,,
"leader_lanslina_outer",,,
"leader_lepgusd","Lepgusd",,
"leader_lepgusd_gooder",,,
"leader_lesenyre","Lesenyre","A spear warrior. Dexterous with both piercing and slashing moves, this man can equally destroy foes of all sorts.",
"leader_lesenyre_master","Spearhero Lesenyre",,
"leader_littleboy","Little Boy","A little boy. Absolutely dangerous! He can cast many devastating spells that few can survive.",
"leader_littlegirl","Little Girl","A little girl. No equal in ice magic. Absurdly powerful in dismantling even the most capable army.",
"leader_lohgehh","Lohgehh",,
"leader_lohvroh","Lohvroh",,
"leader_lukukpo","Lukukpo",,
"leader_lukukpo_air",,,
"leader_mahunsijee","Mahunsijee",,
"leader_mahunsijee_challenger",,,
"leader_mashalue","Mashalue",,
"leader_mashalue_tree",,,
"leader_mcpubba","Mcpubba",,
"leader_mcpubba_jinx","Red Mcpubba",,
"leader_mcpubba_luck","Green Mcpubba",,
"leader_mengkja","Mengkja",,
"leader_mengkja_orb",,,
"leader_mengkja_scepter",,,
"leader_minara","Minara",,
"leader_minara_bombard",,,
"leader_minara_direct",,,
"leader_monnirl","Monnirl","A faithkeeper of Saint Monnirl. Can provide great support to nearby allies with blessing and regeneration. Cannot attack enemies or run.",
"leader_monnirl_saint","Saint Monnirl","The current Saint Monnirl. Equipped with a divine armament, she can unleash great divine destruction on enemies.",
"leader_motdasis","Motdasis",,
"leader_motji'aa","Motji'aa",,
"leader_motji'aa_sky",,,
"leader_motji'aa_water",,,
"leader_mounniley","Mounniley",,
"leader_mratarvir","Mratarvir",,
"leader_mratarvir_revenger",,,
"leader_nadvalin","Nadvalin","A mysterious-looking girl. Despite the look, her fists can deal immense damage.",
"leader_nalana","Nalana","An elvish flower keeper. She can use flower thorns and pollens to inflict damage over time and confuse enemies. Additionally, she can provide minor regeneration to nearby allies.",
"leader_nalana_beauty",,,
"leader_nalana_thorn",,,
"leader_nalluqqeiyt","Nalluqqeiyt",,
"leader_nass","Nass",,
"leader_nass_diplomat",,,
"leader_nayedien","Nayedien","An elvish arcane warrior. This elf excels in melee combat with a myriad of options and elements.","An elf of peerless beauty and ambiguity. No one knows where this elf is from or any past of the self. For reasons unknown, the King saw fit to assign this person of unknown origin as his close aide. Court rumour spread that the King was charmed by such beauty, their dubious relationship, and the implication of elvish intervention aside, no one can verily deny the mastery in martial prowess of this elven warrior."
"leader_nayedien_queen",,"The queen herself. Radiant and dignified, this elf commands the competency of all followers. The ostentatious queen's robe prevents any attack from being executed.",
"leader_nayedien_transcendental",,,
"leader_negkoi","Negkoi",,
"leader_noxbox_201","Noxbox 201","An iron box-looking thing that seems to be able to move on its own. Surprisingly, it can dispense a wide array of powerful magics.",
"leader_nraesier","Nraesier","An observant pathfinder. Unmatched in scouting skills, and packed many throwing knives to dispatch enemies from a distance.","Elder twin sister of Vraesier. Talker and thinker of the pair. Wherever Vraesier go, the shadow of Nraesier is never far away, is what the saying goes to those who know the pair. They both seem to have a single shared purpose, or rather a single person of interest that they most long to find. Likes to dote on her sister in free time."
"leader_nraesier_demon","Demoness Nraesier",,
"leader_nraesier_spymaster",,,
"leader_oanogoht","Oanogoht",,
"leader_olsilin","Olsilin","A prankster sprite. She can cast a random effect on both nearby allies and enemies that can be beneficial or detrimental. Cannot be damaged in any way.","Sprites are powerful and whimsical beings. There is no law, no moral, or might that can constrain them. They are so swift that not even a hawk can catch them while asleep. Olsilin is no doubt one of them. She possesses the magic power of an archwizard, but cares so little to wield the full power for anything meaningful. Instead, she will play around and randomly cast magic on people around her for entertainment."
"leader_oodoo","Oodoo",,
"leader_orsanoas","Orsanoas","A great carnyx warrior. The song he plays can instil fear in enemies and courage in allies. He can also swing the carnyx to devastating effect."," from the Hlilitan Highland Alliance who will stop at nothing to become stronger"
"leader_orsanoas_bard",,,
"leader_orsanoas_warrior",,,
"leader_ozna","Ozna","A dwarf brawler. Tough and eager to brawl anyone from a goblin to a dragon. As long as he can reach the opponent, that is.",
"leader_ozna_buddy",,,
"leader_ozna_teammate",,,
"leader_pakakvadi","Pakakvadi",,
"leader_pao_la_sin","Pao La Sin",,
"leader_parna","Parna","A skilled cavalry general. She excels in both offensive and defensive operations, making her ideal for leading a cavalry force of all roles.",
"leader_parna_resolute",,,
"leader_pasgelo","Pasgelo",,
"leader_pasgelo_champion",,,
"leader_peltino","Peltino","The pixie king. He is proficient in air and fire elemental magic, along with fine buff and debuff skills.",
"leader_peltino_power",,,
"leader_peva","Peva",,
"leader_peva_missionary",,,
"leader_qeunci","Qeunci",,
"leader_quivenly","Quivenly",,
"leader_quivenly_healer",,,
"leader_quivenly_sister",,,
"leader_remance","Remance","A brave general. He can lead a devastating charge against enemies, with or without supporting cavalry.",
"leader_remance_malabel",,,
"leader_rinini","Rinini",,
"leader_rodhinbar","Rodhinbar","A chief of a distant land with unmatched skill in archery. Can also fight up close with decent sword skill.",
"leader_rodhinbar_emissary",,,
"leader_rodhinbar_warlord",,,
"leader_rulmtae","Rulmtae",,
"leader_salansan","Salansan",,
"leader_salansan_blood",,,
"leader_salansan_rune",,,
"leader_saltun","Saltun",,
"leader_saltun_charity",,,
"leader_saltun_greed",,,
"leader_sapianou","Sapianou",,
"leader_savalorse","Savalorse","An engineer prodigy. Commands a field catapult prototype that can launch projectiles from extreme range.","Savalorse is a young engineer with a great future ahead. Initially, an ill-mannered and impudent teen, but he changed for the better after an accident of his own fault cost him his sword arm. He is now the designer of the self-propelled catapults and master of mice. A man alone may not be able to change the world, but to make a one from zero starts with a single man."
"leader_savalorse_aoe",,,
"leader_savalorse_single",,,
"leader_semeyawa","Semeyawa",,
"leader_shedna","Shedna",,
"leader_shumeyu","Shumeyu",,
"leader_shumeyu_flock",,,
"leader_sino","Sino",,
"leader_sino_sorrowblade",,,
"leader_soheh","Soheh",,
"leader_soheh_fume",,,
"leader_sonagsha","Sonagsha",,
"leader_sonagsha_establish",,,
"leader_taladamun","Taladamun","A human? magical jester. Know many tricks and magics that are incomprehensible.","Many believe Taladumun to be a human, but no one really knows for sure, not even the Ringmaster Enladist. But it is of no matter to the Circus, for his world-class magic acts are unmatched in the whole realm. Captivating the audience like no other, Taladumun will bring joy to all."
"leader_taladamun_mirror",,,
"leader_taladamun_smoke",,,
"leader_tehcu","Tehcu",,
"leader_tehcu_demon",,,
"leader_tehcu_hero",,,
"leader_tensimpho","Tensimpho","A skeleton scholar and skilled duelist. Fast and versatile. Can disarm a large number of enemies at once.","Being a conscious undead, one has forever to learn. As long as the body and soul are not destroyed, time is on their side. Tensimpho was and is a man of curiosity, and dolls are now his current subject of interest. This warrior-scholar's thesis on the semi-sentient state can bring back much knowledge of the old world."
"leader_tolhhunn","Tolhhunn",,
"leader_tolzarnkan","Tolzarnkan",,
"leader_tulia","Tulia","Ranger captain. Skilled in both melee and ranged combat.","Tulia is nothing but a hardworking woman. The realm in chaos means much work to be done with the riffraffs spawning all over the lawless verts. Despite being underpaid since she was but a recruit, she hasn't complained once. Have a long, bitter history with the Red Leaf Bandits and its leader, Adaqua."
"leader_tulia_ambusher","Sniper Tulia",,
"leader_tulia_tracker","Hound Master Tulia",,
"leader_tuojesa","Tuojesa",,
"leader_tuojesa_ambush",,,
"leader_tuojesa_prepare",,,
"leader_unsi_ed","Unsi Ed","A girl and an orc. Their balista shots can deal superb damage with absolute accuracy.",
"leader_unsi_ed_grown","Apharlantine",,
"leader_vanmaggas","Vanmaggas",,
"leader_vanmaggas_steam",,,
"leader_vasla","Vasla","A small wildman. Does not really like fighting, will throw flash bombs to blind enemies and hide from battle.","Wildmen are beastly people who live in the woodland. Considered brute and dangerous by the civilised people, many tell tales of how wildmen and wildwomen have a tendency to kidnap people of beauty. Sometimes mistaken for a large monkey, they are discriminated against by fellow humans. As for Vasla, he is actually no wildman, but in truth a small, hairy, old human hermit who likes to live far from civilisation. Used to be a renowned craftsman, he can create trinkets and tools from just foraged materials."
"leader_vasla_eagle","Vasla of Feather",,
"leader_vasla_rabbit","Vasla of Fur",,
"leader_verlindas","Verlindas","A red elf jester. Proficient in blood magic and can create spectral daggers from her blood at will.","Verlindas is a lassie with a dark and troubled past. An elf with an extremely red skin pigment condition, she was prosecuted by her people for the entirety of her childhood as a cursed being. Then she was sold to work as a freak show for the Magical Circus by Hus. After her talent for steadiness and essence manipulation emerged, she instead got employment as the circus jester. The dolls think of her as a moving statue because no such living being can stand so still and be so entirely red."
"leader_verlindas_blue_moon",,,
"leader_verlindas_red_sun",,,
"leader_vok","Vok",,
"leader_vok_furier",,,
"leader_vok_fury",,,
"leader_vraesier","Vraesier","Skilled fighter in melee combat, can bleed enemies and fight a long battle on her own.","This bandit has one thing really going, and that is her skill in battle. Her rough manner and appearance did not help to avoid being held in contempt by most in the civilised world. Still, this so-called ""knave"" can easily take down even the most skilled knight with ease. Not really a social person, and the stoic appearance kept many at a distance."
"leader_vraesier_demon","Hatred Demoness",,
"leader_vraesier_lady","Lady Justice",,
"leader_vurus","Vurus","Accomplished commander and strategist. Can provide support to his troops with numerous buffs, but is rather unkeen on direct combat.","Grand Marshall, Chief Strategist Advisor, and Flower Knight Overseer of the Kingdom of Masendor. Vurus is absolutely brilliant in warfare. Fought in countless battles for the Kingdom, defeat is rarely conceivable with him as the commander in battle."
"leader_vurus_old","Vurus the Old",,
"leader_yuawies","Yuawies","A dryad. Skilled with cutting leaves for close-range combat against multiple enemies. Can also charm enemies into a daze and heal self with magic and food.","Yuawies love cooked food. After eating leftover meals by passersby near her treehome, she has become enchanted with them so much that sustenance from the ground no longer satisfies her craving. And so she left her place and ventured to the outside world, very unusual for dryads that never left their natural birthplace. She usually uses her charm to get people to give her food."
"leader_yuawies_salt",,,
"leader_yuawies_sweet",,,
"leader_zakalanirn","Zakalanirn",,
"leader_zakalanirn_champion",,,
"marsh_goblin_air_big_bird","Big Bird Mounter",,
"marsh_goblin_blowdart","Blowdart Blower","A goblin blowdart skirmisher. Has somewhat short-range attacks for a skirmisher but an excellent rate of fire.",
"marsh_goblin_knife","Shin Shanker","A goblin with a knife. Quick and small, this goblin can bypass an enemy's guard and attack the weak point.",
"marsh_goblin_leader_fire_brewer","Fire Brewer","A goblin firebrewer. Outstanding at creating a zone of damage over time with fire throwing. Can deal large damage against a large group of enemies.",
"marsh_goblin_leader_scorpion","Scorpion Black Spear","A black scorpion goblin rider. Reliably strong for a goblin unit. Can inflict high poison damage and paralyse foes.",
"marsh_goblin_pyramid","Pyramid of War","A pyramid with a blight bag thrower on top. The pyramid itself is superbly enduring, and the blight can inflict debuffs on approaching enemies.",
"marsh_goblin_pyramid_blight_thrower",,,
"marsh_goblin_tortoise_cav","Tortoise Rider","A goblin riding a tortoise. Very, very slow but very, very tenacious. An effective heavy cavalry that excel in defence.",
"marsh_goblin_witchdoctor","Blight Witchdoctor","A goblin witch doctor. Can curse and deal magic damage with spells.",
"marsh_goblin_wolf_cav","Wolf Rider","A goblin riding a wolf. Fast and deadly. Can growl to inflict fear on nearby enemies.",
"marsh_hobgoblin_club","Battle Clubber","A hobgoblin with a big club. The backbone of the Cactus Realms army. A good melee warrior in all accounts.",
"marsh_hobgoblin_leader_blacksword","Blacksword Cleaver","A blacksword hobgoblin. A proven strength to lead and destroy. As a leader should be.",
"marsh_lizard_javelin","Javelin Skirmisher","A lizardman javelin thrower. Quite accurate and lethal, for the lack of range and rate of fire.",
"marsh_lizard_leader_greatspear","Greatspear General","A lizardman greatspear warrior. Not as long as a pike but dangerous all the same. Can inflict high damage from a safe distance behind other melee fighters.",
"marsh_lizard_warrior","Water Warrior","A lizardman warrior. Decent at both offence and defence with high speed. Their attacks deal water element damage rather than typical physical damage.",
"marsh_lizard_wasp_pot","Wask Pot Thrower","A lizardman wasp thrower. A wasp sting is beyond mere annoyance; the toxin can make the victim nauseous and less effective in a fight.",
"mountain_construct_golem","Stone Golem","A stone golem. An ideal siege machine and frontline that can withstand most physical attacks.",
"mountain_dwarf_axe","Axe Warrior","A dwarf warrior. Great balanced troop that is quite slow.",
"mountain_dwarf_beard_warrior","Beard Warrior","A naked beard dwarf. Moderately fast yet resilient, and has no weak side.",
"mountain_dwarf_big_crossbow","Greatcrossbow warrior","A heavy crossbowdwarf. Surprisingly tough for a ranged troop. The heavy crossbow has very high penetration.",
"mountain_dwarf_boar_cav","Boar Cavalry","A heavy boar cavalry. The charge is almost unstoppable by anything.",
"mountain_dwarf_fortress","Dwarf Fortress","A dwarf fortress. Nothing else comes close to what this fortress can withstand. Almost impregnable.","And when invaders come, they will be like water crashing against a mountain."
"mountain_dwarf_fortress_axe_thrower",,,
"mountain_dwarf_leader_chariot_cav","War Chariot","A dwarf war chariot. Designed specially to charge through all kinds of defences.",
"mountain_dwarf_leader_rune_priest","Rune Priest","A dwarf rune priest. Pack with heat stones to create a small explosion.",
"mountain_dwarf_leader_true_beard","True Beard","A great beard dwarf. Champion among champions. Extraordinarily capable in melee combat.",
"mountain_dwarf_rune_balista","Rune Ballista","A runic ballista. Great artillery for both anti-troop and building.",
"mountain_dwarf_rune_catapult","Rune Catapult","A runic catapult. Can topple almost every building in a short amount of time.",
"dark_moonelf_air_wyvern","Cave Wyvern Raider",,
"dark_moonelf_bladed_shield","Shield Duelist","A moonelf carrying a bladed shield duelist. A perfect balance of offence and defence. Very effective, fast frontline troop, even if this moonelf lacks the high health of other dwarf fighters.",
"dark_moonelf_blowdart_cav",,,
"dark_moonelf_dualcrossbows","Crossbows Hunter","A moonelf twin gunbow hunter. Sacrifice penetrating power for rate of fire, this hunter can quickly eliminate light-armoured targets.",
"dark_moonelf_gladiator","Gladiator","A moonelf gladiator. Speed in both movement and attacks makes up for the lack of defence.",
"dark_moonelf_leader_blood_sage","Blood Sage",,
"dark_moonelf_warscythe","Depth Guard","A moon elf guard. Equipped with a long warscythe that can slice through flesh with ease. Very useful against light-armoured troops.",
"dark_moonelf_whip","Dark Whipper","A moon elf slavemaster. Wield a sharp whip that can disarm enemies and inflict bleeding.",
"neutral_centaur_leader_cloud_shaman","Cloud Shaman",,
"neutral_cockatrice","Cockatrice",,
"neutral_djinn_leader_mage_fire","Djinn Magus",,
"neutral_dog_leader_rain_shaman","Rain Shaman","Aztec dog",
"neutral_faun_leader_storm_shaman","Storm Shaman",,
"neutral_fox_leader_mage","Trickster Fox",,
"neutral_goat_leader_champion","Champion Goat",,
"neutral_gorgon","Gorgon","A gorgon. Can temporarily turn nearby enemies into stone. Its claws can also deal serious damage.",
"neutral_hydra","Hydra","A seven-headed hydra. Exceedingly fast attacker and can inflict strong poison.",
"neutral_large_barricade","Large Barricade","A large barricade. Good for halting the enemy's advance.","Large barricades are the model of all barricades. So large that they can be a shield against ranged attacks for troops nearby. Actually, they are very difficult to create, and it is probably better to just use a proper wall instead."
"neutral_leader_death_dragon","Death Dragon","A dragon zombie. Weaker than a living dragon, but its rancid breath can inflict various debuffs and poison on living targets.",
"neutral_leader_dragon","Dragon","A mighty dragon. Fearsome, destructive, nigh unkillable by mere means. The epitome of life itself.",
"neutral_leader_evil_eye","Evil Eye",,
"neutral_leader_unicorn","Unicorn","A unicorn. Gallantly fast and lethal. Its horn can penetrate even strong armour and blind the foes.",
"neutral_leprechaun","Leprechaun","A leprechaun, being of luck that gives misfortune with his punch.",
"neutral_medium_barricade","Medium Barricade","A medium barricade. It can withstand a decent amount of force.","Medium-sized barricades like these are created with moderate efforts. They can adequately deter approaching enemies and may even hold them long enough to dispatch them with arrows. Many strategists tend to deploy them in great numbers at choke points."
"neutral_minotaur","Minotaur","A great minotaur. This half-bull is as strong as a troll in melee combat.",
"neutral_monkey_leader_fog_shaman","Fog Shaman",,
"neutral_phoenix","Phoenix","A burning phoenix. Can resurrect once from death and deal strong fire damage.",
"neutral_raptor","Raptor",,
"neutral_rat_club","Clubratman",,
"neutral_small_barricade","Small Barricade","A small barricade. Best not to rely on it too much.","Small barricades like these are often objects of scrutiny. ""Ohh, they are so small. How can they ever hope to stop anything?"" or ""Not even goblins will care about these small little things."" and so on. Fools all."
"neutral_snail_leader_mage_air","Snail Mage",,
"neutral_sphinx","Sphinx",,
"neutral_spirit","Spirit",,
"neutral_stalker","Stalker",,
"neutral_sylph_leader_sun_shaman","Sun Spirit",,
"neutral_troll","Troll","A troll. Brute and crude. A true menace in melee combat.",
"neutral_wyvern","Wyvern",,
"neutral_yeti","Yeti",,
"nice_bear_cub","Bear Cub","A small bear cub that seems to roll around like it owns the place. Cute but extremely dangerous. Do not attack under any circumstance.","Bear cubs are born crawling out of their mothers' rather than being pushed out, which gives them the distinguished strength to rule the forest. At a young age, they are curious creatures that will follow anything of interest. Always leaving their mother's side for dangerous adventures. A single painful cry, however, will alert their pack even at a great distance, who will rush to their aid no matter the cost."
"nice_bird","Bird","A bird. Nothing extravagant, will just fly around.","These small feathery birds fly through the sky for all their entire life. They only return to the ground to lay eggs three times a year, once for each season. Each colour of these birds represents a meaning."
"nice_bunny","Bunny","A tiny bunny. Will meep at anyone nearby and distract them.","Small and harmless creatures that exist in abundance in meadows and forests. These critters are extremely cordial to those they perceive as friends and will flee from predators. Their meeping is a way of greeting and perhaps a call for mating. Many farmers consider them the greatest enemies of the field due to their constant raid for food."
"nice_butterfly","Butterfly","A small butterfly. Presented in flower fields. Has very beautiful wings.","Flying worms that like to eat from flowers and are close friends of fairies. The Velirian Beastiary ranks these creatures among the four animals with the greatest beauty in the world. A common superstitious belief is that the Fairy King will grant those who can befriend a thousand butterflies with wings of their own."
"nice_cloud_dog","Cloud Dog","A dog that float around enjoying life. No one is certain if it bite.","Mysterious and rare dogs that can only be found in the sky. These dogs hide themselves among clouds and lick them for foods. From day to night, they float around without care for the chaos down below. Scholars theorise that they are watchdogs of heaven, and anyone who dares bring harm to them will personally receive the wrath of the gods."
"nice_doll_cow","Cow Doll","A cow doll that stands around and moos all day.",
"nice_duck","Brave Duck","A duck that quacks. The quack is so filled with energy that it encourages anyone who hears it.","Ducks are aquatic birds with a round beak. Most ducks are usually timid and easy to fool. Rarely live on land, they will dive into water to escape from danger. Nevertheless, some are braver than others and can quack absolutely confidently. Courageous ducks have very foul meat, so predators ignore any approaching duck."
"nice_fluffy_bird","Fluffy Bird","A very nice looking white fluffy bird. Like to jump around and look cute.","Circle-shaped birds that do not possess wings. These fluffy white birds jump to move around, and children tend to mistake them for jumping sheep, as they also like to conceal themselves among sheep flocks. Many tried to domesticate them for the feather harvest, but found no real application for them yet. The swaying they like to do while standing led many to believe that their legs are too flimsy to support their weight."
"nice_living_book","Living Book","A flying book. Will give out knowledge to passersby.","Living books that get tired of the stale library and decide to go out and play on some grass. Usually return to the bookshelf at night. Are they really alive or not? Not even their creator can really say."
"nice_slime","Slime","A bouncing slime. Inflict slow to those that come into contact with it.",
"nice_snake","Snake","A snake. This animal will certainly bite and inflict poison to anyone dare crossing its path.","Curvy and scaly creatures that never walk as they have no legs. Believed to be descendants of great dragons, they still possess deadly dragon poison that can kill a man with a touch. The eggshells of unborn snakes are prized as one of the six good luck charms against dark witches."
"nice_wisp","Wisp","A little wisp spirit. Spooky little thing that instils fear in anyone who encounters it.","Wisps are minor spirits of long pass animals. Unable to interact with the physical world in meaningful ways, they just float around and look menacing. If one manages to catch a wisp, give it some dandelions for good fortune."
"port_gremlin_air_copter","Copter Gunner","A steam copter. Fitted with an automatic musket that can shoot down anyone in its path. Can attack both air and ground troops.",
"port_gremlin_organ_gun","Organ Gun","An organ gun. A light field artillery that can shoot multiple bullets per attack. High penetration and damage, but long cooldown.",
"port_halfling_gun","Arquebusier","A halfling arquebusier. A deadly new weapon technology designed for killing heavily armoured foes, even in the hands of the inexperienced.",
"port_halfling_halberd","Halberdier","A halfling halberdier. Great defender with versatile attacks against both light and heavy melee enemies.",
"port_halfling_leader_bard","Bard","A halfling bard. Can support friends and annoy enemies. Has fair melee attacks to survive in a petty fight.",
"port_halfling_leader_ram_cav","Ram Cavalier","A halfling on a ram. Good speed and charge.",
"port_halfling_leader_sleeper","Sleep Agent","A halfling sleeper agent. Carry a slumbering gas blower that makes anyone sleepy and exposes them to attacks.",
"port_halfling_leader_traveller","Traveller","A halfling traveller. Prepared with knick-knacks that can do many things in combat.",
"port_halfling_militia_pitchfork","Farm Militia","A halfling militia. A pitchfork can repel unprepared invaders, but definitely not an army.",
"port_halfling_militia_stone","Stone Militia","A stone-throwing halfling militia. Not the most effective of ranged options, but many of these can still kill.",
"port_halfling_mortar","Mortar","A field mortar cannon. Can shoot shrapnel shots that are capable of killing multiple enemies in one shot.",
"port_halfling_pistol_cav","Pistol Cavalier","A halfling pistol cavalry. Fast but somewhat inaccurate. The pistol can kill light-armoured enemies at medium range.",
"port_halfling_pony_cav","Pony Cavalier","A halfling light cavalry. Somewhat fine for a light cavalry can do, but best not expecting too much.",
"port_halfling_shield_crossbow","Pavise Crossbowman",,
"port_halfling_sword","Port Guard","A swordhalfling. Acceptable melee infantry that can fight against all kinds of enemies to some effect.",
"port_halfling_tower","Cannon Tower","A cannon tower. Deal extreme damage from an incredibly long range. Becomes useless when there are nearby enemies, though.",
"port_halfling_tower_cannon",,,
"sea_dwarf_beer_cheer",,,
"sea_dwarf_cannon",,,
"sea_dwarf_nawharl_cav",,,
"sea_dwarf_sea_pirate",,,
"small_eagle_air_stone","Eagle","An eagle eager for prays. Fast and cheap air fighter with great versatility.","When eagles grow to adulthood, they will fly to the Sun and witness the truth of heaven. Nevermore then, they rise to such a height again. Perhaps for their visit, they ask God for a boon to grant them eyesight to see prey even from the vast sky. Never to be without repasts ever again. When eagles grow old, they lose their valuable feathers and can no longer fly. So they instead take one last flight to migrate down to the ocean and then become aquatic creatures."
"small_rabbit_cannon","Rabbit Revenge","A cheap small cannon for many purposes. Rabbitmen can be innovative with good guidance.","Jar cannons are among the first renditions of cannon artillery. Light but durable, these cannons can be pushed around even by small rabbitmen. As the world finds out, manure of rabbitmen makes for potent explosive powder that eclipses humans' piss. With assistance in innovative progression, the once small nation takes the first step to the forefront of history."
"small_rabbit_hole","Rabbit Role","A rabbitman in a hole waiting to stab a passerby in the rear.","Rabbit holes are a labyrinth that not even the wisest of sages know the end of. Some even estimate that rabbitmen truthfully control a subterranean empire that spans the entire continent. Not even with a flood of water, smoking with fire, burning with oil, or burying with stones can stop the ever-expanding rabbitmen's network. Once, a great seer prophesied that the fur beings of long ears will inherit the earth."
"small_rabbit_home","Rabbit Rarren Ratcher","A warren guard. No home means no purpose.","No warren exists without protectors. Using the most treacherous tools of their predators against them, these rabbitmen can let loose arrows from complete safety."
"small_rabbit_hound_cav","Rabbit Ruddy","A rabbitman hound cavalry. Light enough to quickly run through the enemy line.","Rabbitmen and hounds may be established adversaries in civilised society, but such a relationship can be altered. Through training and pairing with a kitman, the hound puppy will form a lasting bond and develop loyalty to its partner. Rabbit Ruddies become a formidable, speedy pair that can slip away from any hunter."
"small_rabbit_killer","Rabbit Roney","A rabbitman of death. Fast and deadly. Can jump into the enemy group and quickly wreck havoc.","The deep, dark holes are a broody place. Even the most cheerful of rabbitmen will return a broody rabbit after a prolonged period of stay. Cultivating the dark aura, these Rabbit Roneies turn themselves into the embodiment of darkness. The way of the knives once belonged only to the hunters, so those who were once prey embraced the new role with glee."
"small_rabbit_leader_banner","Rabbit Rannermate","A rabbitman banner bearer. Bringer of field menaces. Can raise banner to encourage nearby friends but cannot attack anyone.","Banners are a new luxury for Rabbitman's armies. Despite the low-quality cloth attached to a stick, most still adore having these new amazements. War banners flutter against the wind as the Alliance of the Small marches into battles."
"small_rabbit_leader_hero","Rabbit Rero","A rabbitman hero. As good as a rabbit can be. Very fast and can debuff nearby enemies.","Rabbitman Reroes and their hound partner are the first to ride against the enemies. They are the bravest of all rabbitmen, as courageous as a rabbitman can be. Perhaps the new world will be filled with the descendants of these warriors."
"small_rabbit_leader_knight","Rabbit Rnight","A rabbitman knight. Not so bad as a frontline leader but expect no grand performance. Somewhat strong in defence but very slow.","Rabbitmen are not strong enough to wear armour. Even an unadorned helmet weighs enough to make them unable to stand tall. These ""knights"" are not nobles like the civilised equivalent, but rather, simply stronger fighters of the warren. For rabbitmen that dedicate too much to the pursuit of war, there is no return to a joyful life ever again."
"small_rabbit_leader_shaman","Rabbit Rruid","A rabbitman druid. Attuned to the power of nature, can drench enemies with magical water spray and attack with pebble spray.","Some rabbitmen are gifted with the alignment to nature itself. Though due to the lack of inherent mana, they are unable to perform miraculous spells even after years of training. Instead, they can perform minor spells with great efficiency using their little drum as a conductor."
"small_rabbit_sling","Rabbit Rooligan","A rabbitman slinger. Decent skirmisher in its own right and can dig the ground to lay trap against approaching enemies.","Stones exist in abundance, even in forests. So it is no surprise that rabbitmen chose the sling as their ranged weapon of choice. No need to carry too much ammunition, and the sling is light to wield. These Rabbit Rooligans also bring a shovel to dig for more slingshots and make a rabbit hole for setting up a trap against invaders. These shovels later on become the symbol of nation-building for both the rabbitmen nations and outsiders."
"small_rabbit_snail_cav","Rabbit Rhell Rompanion","A rabbitman snail cavalry. Slow but tough.","Rabbitman on a snail, a combination of two ends of attributes that creates paradoxical strength. With the swiftness of rabbitmen and toughness of snails,  Rabbit Rhell Rompanions excel at neither of the two. Conceivably, this amalgamation will divulge its unrecognised advantages in the unforeseen future that puts knights and their horses to shame."
"small_rabbit_spear","Rabbit Raider","A footsoldier rabbit spearman. Weak but strong in number. Can inflict slow and charge enemies.","The life of Rabbitmen usually involves no fighting. Like their bunny cousins, they tend to flee from predators and can only bite with their meagre teeth at best. The first weapon they picked up was the easiest to learn, the spear. There is joy to be found when the prey can fight back in numbers, reversing the natural order of things. Many believe that such an occurrence is one of the punishments the gods invoke on the civilised chosen for their endless misdeeds against nature."
"small_rabbit_tower","Rabbit Rower","A small stone tower with a lone stone thrower rabbitman. Solid but not by much. When earth fail, stone will prevail.","Rabbitmen are no strangers to civilised innovations. As their countries grow, so too does the requirement to protect their territory. And surely, as any sedentary society with self-preservation, towers are erected all over to guard the homeland. Thus, the verts and the houses are no different from the other."
"small_rabbit_tower_thrower","Rabbit Rower Rhrower",,
"small_rabbit_trebuchet","Rabbit Roulder","A flimsy cheap trebuchet good for small siege. Very slow but deals good damage to buildings.","Rabbitmen are not so well-versed in the art of craftsmanship. These trebuchets are a miracle in themselves, as they do not break down after a single use. With the help of Iri the Traveller, the Alliance manages to mass-produce these little trebuchets cheaply against the formidable stronghold of civilisations. Quantity over quality, and so begins the Vertkin conquest of the world."
"small_snail_old","Toxic Mollusk","A bitter old snail that retains only disdain for other creatures after living for so long. Will throw his toxic beard at anyone he deems annoying.","Snails are actually wise creatures, as is quite apparent in their sagely old man face. Their favourite motto is ""To know everything one must first know nothing"". Boiling their beards and dropping the infused essence into the eyes of elderly people can cure senility."
"small_snail_sword","Snail Defender","A young snail armed with a sword and shield. An eternal enemy to all knights. Deals poison damage.","Tortoise worms that always carry around two shields at all times, one to live in and one to protect itself. When rain comes, snails will raise their heads toward heaven and contemplate. Since they like to eat delicious plant leaves of all sorts, every gardener loathes them."
"summon_ballista","Ballista",,
"summon_earth_wall","Earth Wall","An earth wall. Huge, durable, and tall enough that it can firmly block almost anything.","Those who can command the land are given a first glimpse of prosperity. To lay bare the secret of the buried treasures of the Origin Mother is the ambition of all earthen wizards."
"summon_hound","Hound","A hound. Very fast and fierce. Will bite only enemies.","Hounds are honest and loyal creatures. No matter the commands, they will obey without fail. They will never stop and return until their given mission is completed. When hounds are given a bone, they will bury it instead."
"summon_ice_pillar","Ice Pillar","An ice pillar. Large but somewhat fragile. Will explode when destroyed.","Scholars spoke of the unseen beneath the earth, that beyond the great fire lay the darkest cold, which can freeze even the dragonic fire. Many formulate that these ice pillars can be infused with such an element that they will be the strongest material for fortification construction, unbreakable by any means."
"summon_scorpion","Scorpion","An automated scorpion anti-personnel weapon. Capable of dealing decent damage, but is rather fragile.","Invention of a genius, these Anti-personnel Scorpions require no manual control. These apparatuses will continue shooting at nearby foes until their magazine is empty. Iri the Traveller keeps her secret so well that not even the dwarf master tinkerers have been managing to replicate the function. Some suspect that the technology of these scorpions is the same as that of the Doll Family."
"summon_skeleton_wall","Skeleton Wall","A skeleton wall. Not exactly the most durable of walls, but is good enough for disrupting weak enemies' attacks.","Walls made of skeletal bones that seem very delicate for what they are. The density of these old bones, however, proves otherwise. They are likely made from the bones of great warriors old. Strong, they truly were."
"summon_taladamun_mirror","Taladamun's Mirror",,
"wood_bear","Bear","A large bear. Tough and strong. Its roll can crush and destroy even a knight.","Grown bears are a symbol of the ferocity of nature. Their neck strength and toughness allowed them to roll rather acrobatically, crushing anyone beneath with their weight. Since bears like to sleep most of the time, energetic bear cubs tend to wander out from the lair to play and cause trouble for both their parents and victims. Their favourite foods are mandrake and honey beehive."
"wood_boar","Boar","A speedy boar. The tusks can pierce heavy armour with ease. Beware of its charge.",
"wood_elf_air_griffin",,,
"wood_elf_air_pegasus",,,
"wood_elf_air_star_rider","Heavenly Guardian",,
"wood_elf_dualswords","Forest Ambusher",,
"wood_elf_javelin","Forest Dancer",,
"wood_elf_leader_druid","Forest Druid",,
"wood_elf_leader_sniper","Forest Grower",,
"wood_elf_spear","Forest Warrior",,
"wood_elf_tiger_cav","Forest Protector",,
"wood_monkey_leader_rider","Forest Sniper",,
"wood_monkey_scout","Forest Warner",,
"wood_monkey_sling","Forest Slinger",,
"wood_tree","Forest Will",,
"wood_turtle","Turtle",,
"wood_werewolf","Werewolf",,
