"Key Name","Localisation"
"1024 x 576","1024 x 576"
"1280 x 720","1280 x 720"
"1360 x 768","1360 x 768"
"1600 x 900","1600 x 900"
"1920 x 1080","1920 x 1080"
"2560 x 1440","2560 x 1440"
"3200 x 1800","3200 x 1800"
"3840 x 2160","3840 x 2160"
"854 x 480","854 x 480"
"960 x 540","960 x 540"
"button_back","Back"
"button_battle_log","Battle Log"
"button_cancel","Cancel"
"button_close","Close"
"button_confirm","Confirm"
"button_custom_battle","Custom Battle"
"button_custom_preset","Create Army Preset"
"button_end_battle","End Battle"
"button_game_option","Option"
"button_game_quit","Quit"
"button_load_game","Load Campaign"
"button_lorebook","Compendium"
"button_resume","Resume"
"button_save","Save"
"button_start","Start"
"button_start_game","New Campaign"
"button_start_mission","Warpath"
"button_test_battle","Test Battle"
"class_bomber","Bomber"
"class_fighter","Fighter"
"class_heavy_cavalry","Heavy Cavalry"
"class_heavy_melee","Heavy Melee Infantry"
"class_heavy_range","Heavy Ranged Infantry"
"class_interceptor","Interceptor"
"class_light_cavalry","Light Cavalry"
"class_light_melee","Light Melee Infantry"
"class_light_range","Light Ranged Infantry"
"class_medium_cavalry","Medium Cavalry"
"class_medium_melee","Medium Melee Infantry"
"class_medium_range","Medium Ranged Infantry"
"class_nice","Nice Critter"
"class_siege","Siege"
"class_structure","Structure"
"class_support","Support"
"info_header_activate_range","Activate Range: "
"info_header_air_resistance","Air Resistance: "
"info_header_call_cooldown","Call Cooldown: "
"info_header_call_keybind","Call Shortcut Keybind: "
"info_header_call_remain","Call Remain: "
"info_header_call_response","Call Response Time: "
"info_header_capacity","Call Capacity: "
"info_header_class","Class: "
"info_header_control","Control: "
"info_header_cooldown","Cooldown: "
"info_header_cost","Cost: "
"info_header_critical_bonus","Critical Chance Bonus: "
"info_header_crush_resistance","Crush Resistance: "
"info_header_current_key","Current Key: "
"info_header_defence","Defence: "
"info_header_earth_resistance","Earth Resistance: "
"info_header_element","Element: "
"info_header_enemy_status","Enemy Status: "
"info_header_fire_resistance","Fire Resistance: "
"info_header_gold_limit","Gold Limit: "
"info_header_happiness","Happiness: "
"info_header_health","Health: "
"info_header_impact","Impact: "
"info_header_income","Income: "
"info_header_leadership","Leadership: "
"info_header_magic_resistance","Magic Resistance: "
"info_header_name","Name: "
"info_header_offence","Offence: "
"info_header_penetrate","Penetrate: "
"info_header_per_call","Number per Call: "
"info_header_poison_resistance","Poison Resistance: "
"info_header_power","Power: "
"info_header_property","Property: "
"info_header_range","Range: "
"info_header_region","Region: "
"info_header_resource","Resource: "
"info_header_slash_resistance","Slash Resistance: "
"info_header_speed","Speed: "
"info_header_stab_resistance","Stab Resistance: "
"info_header_status","Status: "
"info_header_strategy","Commander Strategy: "
"info_header_strategy_cost","Strategy Cost: "
"info_header_strategy_range","Range: "
"info_header_strengths","Strengths: "
"info_header_supply","Supply: "
"info_header_supply_cost","Supply Cost: "
"info_header_supply_limit","Supply Limit: "
"info_header_total_cost","Cost: "
"info_header_total_number","Number: "
"info_header_upkeep","Upkeep: "
"info_header_water_resistance","Water Resistance: "
"info_header_weaknesses","Weaknesses: "
"info_text_empty","Empty"
"info_text_empty_commander","Empty Commander"
"info_text_empty_leader","Empty Leader"
"info_text_empty_retinue","Empty Retinue"
"info_text_empty_troop","Empty Ground Troop"
"info_text_empty_air","Empty Air Troop"
"info_text_golds","Golds"
"input_gold_team1","Input total gold for team 1"
"input_gold_team2","Input total gold for team 2"
"input_key_assign","Assign key for "
"input_leave_battle","Leave Battle?"
"input_new_preset_name","Input name for new preset"
"input_quit_game","Quit Game?"
"input_remove_preset","Remove preset?: "
"input_supply_team1","Input total supply for team 1"
"input_supply_team2","Input total supply for team 2"
"keybind_call_air1","Call Air 1"
"keybind_call_air2","Call Air 2"
"keybind_call_air3","Call Air 3"
"keybind_call_air4","Call Air 4"
"keybind_call_air5","Call Air 5"
"keybind_call_leader1","Call Leader 1"
"keybind_call_leader2","Call Leader 2"
"keybind_call_leader3","Call Leader 3"
"keybind_call_troop1","Call Troop 1"
"keybind_call_troop2","Call Troop 2"
"keybind_call_troop3","Call Troop 3"
"keybind_call_troop4","Call Troop 4"
"keybind_call_troop5","Call Troop 5"
"keybind_clear","Clear Order"
"keybind_confirm","Confirm"
"keybind_esc","Main Player Menu/Cancel"
"keybind_menu","Menu/Cancel"
"keybind_move_down","Move Camera Down"
"keybind_move_left","Move Camera Left"
"keybind_move_right","Move Camera Right"
"keybind_move_up","Move Camera Up"
"keybind_retreat","Toggle Retreat"
"keybind_select_strategy1","Select Strategy 1"
"keybind_select_strategy2","Select Strategy 2"
"keybind_select_strategy3","Select Strategy 3"
"keybind_select_strategy4","Select Strategy 4"
"keybind_select_strategy5","Select Strategy 5"
"keybind_strong_attack","Strong Attack"
"log_header_battle","Battle: "
"option_display_resolution","Display Resolution"
"option_easy_text","Simple Speech Text"
"option_effect_volume","Effect Volume"
"option_fps","Show FPS Number"
"option_full_screen","Full Screen"
"option_master_volume","Master Volume"
"option_menu_default","Default"
"option_menu_keybind","Keybind"
"option_music_volume","Music Volume"
"option_show_dmg_text","Show Damage Number"
"option_voice_volume","Voice Volume"
"property_far_target","Prioritise Furthest Target"
"property_hold","Can Hold"
"property_invincible","Invincible"
"property_no_defence","Ignore Defence"
"property_no_dodge","Ignore Dodge"
"property_no_forced_move","Unfliching"
"property_no_run","Cannot Run"
"property_no_weak_side","No Weak Side"
"property_shield","Front Shield"
"property_summon","Summon:"
"stage_custom1","Very Small Stage"
"stage_custom2","Small Stage"
"stage_custom3","Medium Stage"
"stage_custom4","Large Stage"
"stage_custom5","Very Large Stage"
"text_computer","Computer"
"text_player","Player"
"text_ruler","Ruler"
"warn_cost_exceed","Cost exceed fund! Some units will not appear."
"warn_empty_slot","Note: Empty slot will be skipped."
"warn_name_in_use","Error: name already in used."
"warn_no_army","One or more team has no units."
"warn_no_commander","Note: Army with no commander will not appear in custom battle selection."
"weather_0","Random"
"weather_1","Clear Sky"
"weather_10","Acid Rain"
"weather_11","Sandstorm"
"weather_12","Blood Rain"
"weather_13","Thundersnow"
"weather_14","Blood Snow"
"weather_15","Dark Snow"
"weather_2","Snow"
"weather_3","Foggy"
"weather_4","Rain"
"weather_5","Cloudy"
"weather_6","Thunder Storm"
"weather_7","Hail"
"weather_8","Windy"
"weather_9","Wet Fog"
"weather_red_leaf","Red Leaf"
"weather_strength_0","Light "
"weather_strength_1","Medium"
"weather_strength_2","Heavy "
"result_text_team","Team"
"result_text_win","Win"
"result_text_lose","Lose"
"result_text_total","Total Deployed: "
"result_text_loss","Loss: "
"result_text_supply","Supply Remain: "
